{"v":"4.8.0","meta":{"g":"LottieFiles AE 3.0.2","a":"","k":"","d":"","tc":""},"fr":30,"ip":0,"op":120,"w":1000,"h":1000,"nm":"Online _shoping_icon","ddd":0,"assets":[],"layers":[{"ddd":0,"ind":1,"ty":4,"nm":"t-shirt","sr":1,"ks":{"o":{"a":0,"k":100,"ix":11},"r":{"a":1,"k":[{"i":{"x":[0.17],"y":[1]},"o":{"x":[0.8],"y":[0]},"t":0,"s":[31]},{"t":30,"s":[0]}],"ix":10},"p":{"a":1,"k":[{"i":{"x":0.17,"y":1},"o":{"x":0.8,"y":0},"t":0,"s":[488.761,491.855,0],"to":[0,0,0],"ti":[0,0,0]},{"i":{"x":0.833,"y":0.833},"o":{"x":0.83,"y":0},"t":30,"s":[358.761,567.855,0],"to":[0,0,0],"ti":[0,0,0]},{"i":{"x":0.833,"y":0.833},"o":{"x":0.167,"y":0.167},"t":51,"s":[358.761,603.855,0],"to":[0,0,0],"ti":[0,0,0]},{"i":{"x":0.833,"y":0.833},"o":{"x":0.167,"y":0.167},"t":70,"s":[358.761,567.855,0],"to":[0,0,0],"ti":[0,0,0]},{"i":{"x":0.833,"y":0.833},"o":{"x":0.167,"y":0.167},"t":90,"s":[358.761,603.855,0],"to":[0,0,0],"ti":[0,0,0]},{"t":110,"s":[358.761,567.855,0]}],"ix":2},"a":{"a":0,"k":[246,238.061,0],"ix":1},"s":{"a":0,"k":[100,100,100],"ix":6}},"ao":0,"shapes":[{"ty":"gr","it":[{"ind":0,"ty":"sh","ix":1,"ks":{"a":0,"k":{"i":[[0,0],[-34.869,21.283],[10.484,27.513],[0,0],[29.859,-18.707],[25.214,14.487]],"o":[[19.926,21.117],[35.483,-21.654],[0,0],[1.7,29.016],[-30.103,18.372],[0,0]],"v":[[-75.072,35.847],[20.713,36.07],[63.969,-50.146],[55.744,-45.503],[14.388,24.526],[-66.782,30.251]],"c":true},"ix":2},"nm":"Path 1","mn":"ADBE Vector Shape - Group","hd":false},{"ind":1,"ty":"sh","ix":2,"ks":{"a":0,"k":{"i":[[18.955,0],[1.322,0.06],[10.357,13.426],[-0.174,1.072],[-0.9,0.608],[0,0],[-1.313,-0.804],[-36.553,22.309],[1.606,18.419],[-1.342,0.758],[0,0],[-1.03,-0.316],[-0.481,-0.966],[40.601,-24.779]],"o":[[-1.335,0],[-20.387,-0.916],[-0.664,-0.86],[0.172,-1.072],[0,0],[1.278,-0.862],[15.773,9.668],[36.265,-22.719],[-0.133,-1.535],[0,0],[0.939,-0.53],[1.031,0.316],[15.63,31.432],[-18.076,11.032]],"v":[[-32.371,59.783],[-36.355,59.694],[-84.031,37.451],[-84.799,34.423],[-83.118,31.79],[-69.118,22.339],[-64.863,22.245],[10.252,17.837],[47.724,-47.361],[49.708,-51.126],[63.888,-59.132],[66.974,-59.467],[69.342,-57.458],[24.81,42.784]],"c":true},"ix":2},"nm":"Path 2","mn":"ADBE Vector Shape - Group","hd":false},{"ty":"mm","mm":1,"nm":"Merge Paths 1","mn":"ADBE Vector Filter - Merge","hd":false},{"ty":"fl","c":{"a":0,"k":[0,0.01568627451,0.415686304429,1],"ix":4},"o":{"a":0,"k":100,"ix":5},"r":1,"bm":0,"nm":"Fill 1","mn":"ADBE Vector Graphic - Fill","hd":false},{"ty":"tr","p":{"a":0,"k":[177.4,72.221],"ix":2},"a":{"a":0,"k":[0,0],"ix":1},"s":{"a":0,"k":[100,100],"ix":3},"r":{"a":0,"k":0,"ix":6},"o":{"a":0,"k":100,"ix":7},"sk":{"a":0,"k":0,"ix":4},"sa":{"a":0,"k":0,"ix":5},"nm":"Transform"}],"nm":"Group 1","np":6,"cix":2,"bm":0,"ix":1,"mn":"ADBE Vector Group","hd":false},{"ty":"gr","it":[{"ind":0,"ty":"sh","ix":1,"ks":{"a":0,"k":{"i":[[0,0],[0,0],[-0.464,-1.244],[-1.212,-0.509],[0,0],[-1.394,2.136],[0,0]],"o":[[0,0],[-0.61,1.237],[0.452,1.21],[0,0],[2.291,0.962],[0,0],[0,0]],"v":[[-37.063,-21.121],[-41.138,-12.852],[-41.365,-9.007],[-38.785,-6.342],[29.697,22.508],[36.165,20.449],[40.062,14.478]],"c":true},"ix":2},"nm":"Path 1","mn":"ADBE Vector Shape - Group","hd":false},{"ind":1,"ty":"sh","ix":2,"ks":{"a":0,"k":{"i":[[4.353,0],[1.64,0.687],[0,0],[1.221,3.271],[-1.561,3.162],[0,0],[-1.947,-0.901],[0,0],[-0.318,-1.102],[0.627,-0.962],[0,0]],"o":[[-1.694,0],[0,0],[-3.238,-1.359],[-1.217,-3.259],[0,0],[0.946,-1.921],[0,0],[1.042,0.48],[0.317,1.103],[0,0],[-2.52,3.864]],"v":[[31.684,30.809],[26.635,29.791],[-41.848,0.939],[-48.764,-6.244],[-48.223,-16.347],[-42.447,-28.067],[-37.249,-29.908],[47.523,9.222],[49.665,11.715],[49.176,14.967],[42.782,24.766]],"c":true},"ix":2},"nm":"Path 2","mn":"ADBE Vector Shape - Group","hd":false},{"ty":"mm","mm":1,"nm":"Merge Paths 1","mn":"ADBE Vector Filter - Merge","hd":false},{"ty":"fl","c":{"a":0,"k":[0,0.01568627451,0.415686304429,1],"ix":4},"o":{"a":0,"k":100,"ix":5},"r":1,"bm":0,"nm":"Fill 1","mn":"ADBE Vector Graphic - Fill","hd":false},{"ty":"tr","p":{"a":0,"k":[51.404,290.445],"ix":2},"a":{"a":0,"k":[0,0],"ix":1},"s":{"a":0,"k":[100,100],"ix":3},"r":{"a":0,"k":0,"ix":6},"o":{"a":0,"k":100,"ix":7},"sk":{"a":0,"k":0,"ix":4},"sa":{"a":0,"k":0,"ix":5},"nm":"Transform"}],"nm":"Group 2","np":6,"cix":2,"bm":0,"ix":2,"mn":"ADBE Vector Group","hd":false},{"ty":"gr","it":[{"ind":0,"ty":"sh","ix":1,"ks":{"a":0,"k":{"i":[[0,0],[0,0],[0,0],[-0.157,2.516],[0,0],[0.945,1.037],[1.394,0.042]],"o":[[0,0],[0,0],[2.504,-0.227],[0,0],[0.089,-1.403],[-0.942,-1.034],[0,0]],"v":[[-5.884,-43.504],[-8.314,43.262],[-1.049,42.598],[3.618,37.788],[8.259,-37.766],[6.931,-41.547],[3.311,-43.215]],"c":true},"ix":2},"nm":"Path 1","mn":"ADBE Vector Shape - Group","hd":false},{"ind":1,"ty":"sh","ix":2,"ks":{"a":0,"k":{"i":[[0.119,0],[0.735,0.69],[-0.031,1.129],[0,0],[-0.764,0.72],[-1.036,-0.024],[0,0],[-2.395,-2.627],[0.221,-3.553],[0,0],[6.454,-0.585],[0,0]],"o":[[-0.999,0],[-0.823,-0.773],[0,0],[0.029,-1.049],[0.764,-0.719],[0,0],[3.546,0.109],[2.398,2.632],[0,0],[-0.406,6.478],[0,0],[-0.12,0.011]],"v":[[-12.387,51.548],[-15.09,50.478],[-16.335,47.488],[-13.671,-47.686],[-12.431,-50.451],[-9.598,-51.525],[3.556,-51.111],[12.771,-46.868],[16.146,-37.277],[11.504,38.277],[-0.335,50.465],[-12.028,51.533]],"c":true},"ix":2},"nm":"Path 2","mn":"ADBE Vector Shape - Group","hd":false},{"ty":"mm","mm":1,"nm":"Merge Paths 1","mn":"ADBE Vector Filter - Merge","hd":false},{"ty":"fl","c":{"a":0,"k":[0,0.01568627451,0.415686304429,1],"ix":4},"o":{"a":0,"k":100,"ix":5},"r":1,"bm":0,"nm":"Fill 1","mn":"ADBE Vector Graphic - Fill","hd":false},{"ty":"tr","p":{"a":0,"k":[430.55,57.759],"ix":2},"a":{"a":0,"k":[0,0],"ix":1},"s":{"a":0,"k":[100,100],"ix":3},"r":{"a":0,"k":0,"ix":6},"o":{"a":0,"k":100,"ix":7},"sk":{"a":0,"k":0,"ix":4},"sa":{"a":0,"k":0,"ix":5},"nm":"Transform"}],"nm":"Group 3","np":6,"cix":2,"bm":0,"ix":3,"mn":"ADBE Vector Group","hd":false},{"ty":"gr","it":[{"ind":0,"ty":"sh","ix":1,"ks":{"a":0,"k":{"i":[[0,0],[-38.788,23.672],[14.659,29.48],[0,0],[34.293,-21.484],[20.581,12.613]],"o":[[19.853,25.736],[39.192,-23.919],[0,0],[2.094,24.025],[-34.525,21.07],[0,0]],"v":[[-80.699,31.354],[22.981,35.732],[66.04,-59.404],[51.86,-51.397],[12.519,17.499],[-66.699,21.903]],"c":true},"ix":2},"nm":"Path 1","mn":"ADBE Vector Shape - Group","hd":false},{"ty":"fl","c":{"a":0,"k":[0.996078491211,0.854902020623,0.141176470588,1],"ix":4},"o":{"a":0,"k":100,"ix":5},"r":1,"bm":0,"nm":"Fill 1","mn":"ADBE Vector Graphic - Fill","hd":false},{"ty":"tr","p":{"a":0,"k":[177.181,75.916],"ix":2},"a":{"a":0,"k":[0,0],"ix":1},"s":{"a":0,"k":[100,100],"ix":3},"r":{"a":0,"k":0,"ix":6},"o":{"a":0,"k":100,"ix":7},"sk":{"a":0,"k":0,"ix":4},"sa":{"a":0,"k":0,"ix":5},"nm":"Transform"}],"nm":"Group 4","np":4,"cix":2,"bm":0,"ix":4,"mn":"ADBE Vector Group","hd":false},{"ty":"gr","it":[{"ind":0,"ty":"sh","ix":1,"ks":{"a":0,"k":{"i":[[0,0],[0,0],[4.066,1.707],[0,0],[-2.248,4.555],[0,0]],"o":[[0,0],[-2.434,3.733],[0,0],[-4.641,-1.95],[0,0],[0,0]],"v":[[46.399,12.042],[40.004,21.841],[28.695,25.382],[-39.784,-3.466],[-44.151,-15.365],[-38.374,-27.089]],"c":true},"ix":2},"nm":"Path 1","mn":"ADBE Vector Shape - Group","hd":false},{"ty":"fl","c":{"a":0,"k":[0.996078491211,0.741176470588,0.109803929048,1],"ix":4},"o":{"a":0,"k":100,"ix":5},"r":1,"bm":0,"nm":"Fill 1","mn":"ADBE Vector Graphic - Fill","hd":false},{"ty":"tr","p":{"a":0,"k":[50.873,291.211],"ix":2},"a":{"a":0,"k":[0,0],"ix":1},"s":{"a":0,"k":[100,100],"ix":3},"r":{"a":0,"k":0,"ix":6},"o":{"a":0,"k":100,"ix":7},"sk":{"a":0,"k":0,"ix":4},"sa":{"a":0,"k":0,"ix":5},"nm":"Transform"}],"nm":"Group 5","np":4,"cix":2,"bm":0,"ix":5,"mn":"ADBE Vector Group","hd":false},{"ty":"gr","it":[{"ind":0,"ty":"sh","ix":1,"ks":{"a":0,"k":{"i":[[0,0],[0,0],[-0.28,4.484],[0,0],[5.112,0.157],[0,0]],"o":[[0,0],[4.455,-0.405],[0,0],[0.319,-5.118],[0,0],[0,0]],"v":[[-12.454,47.587],[-0.759,46.522],[7.493,38.023],[12.135,-37.535],[3.364,-47.175],[-9.789,-47.587]],"c":true},"ix":2},"nm":"Path 1","mn":"ADBE Vector Shape - Group","hd":false},{"ty":"fl","c":{"a":0,"k":[0.996078491211,0.854902020623,0.141176470588,1],"ix":4},"o":{"a":0,"k":100,"ix":5},"r":1,"bm":0,"nm":"Fill 1","mn":"ADBE Vector Graphic - Fill","hd":false},{"ty":"tr","p":{"a":0,"k":[430.617,57.77],"ix":2},"a":{"a":0,"k":[0,0],"ix":1},"s":{"a":0,"k":[100,100],"ix":3},"r":{"a":0,"k":0,"ix":6},"o":{"a":0,"k":100,"ix":7},"sk":{"a":0,"k":0,"ix":4},"sa":{"a":0,"k":0,"ix":5},"nm":"Transform"}],"nm":"Group 6","np":4,"cix":2,"bm":0,"ix":6,"mn":"ADBE Vector Group","hd":false},{"ty":"gr","it":[{"ind":0,"ty":"sh","ix":1,"ks":{"a":0,"k":{"i":[[-1.72,0],[-0.904,-1.462],[0,0],[-3.261,2.022],[0,0],[-0.428,1.813],[0.976,1.573],[0,0],[-0.768,1.538],[-1.712,0.155],[0,0],[-0.126,2.022],[0,0],[0.758,0.832],[1.116,0.034],[0,0],[2.702,-1.534],[0,0],[29.996,-18.792],[25.393,14.35],[0,0],[1.31,-2.843],[0,0],[-0.407,-1.054],[-1.036,-0.44],[0,0],[-1.058,1.718],[0,0]],"o":[[1.719,0],[0,0],[2.024,3.259],[0,0],[1.579,-0.979],[0.425,-1.808],[0,0],[-0.903,-1.462],[0.769,-1.537],[0,0],[2.013,-0.183],[0,0],[0.069,-1.128],[-0.757,-0.83],[0,0],[-3.138,-0.094],[0,0],[1.499,29.116],[-30.25,18.464],[0,0],[-2.599,1.759],[0,0],[-0.469,1.021],[0.407,1.051],[0,0],[1.864,0.792],[0,0],[0.904,-1.462]],"v":[[-109.64,-1.443],[-105.42,0.91],[32.89,224.596],[42.479,226.849],[231.943,109.702],[235.057,105.369],[234.205,100.125],[95.89,-123.566],[95.672,-128.392],[99.662,-131.116],[183.409,-138.711],[187.159,-142.577],[191.802,-218.129],[190.734,-221.168],[187.831,-222.507],[23.323,-227.73],[14.393,-225.535],[-11.792,-210.762],[-53.665,-140.444],[-135.336,-134.379],[-160.221,-117.566],[-166.195,-110.532],[-235.016,38.956],[-235.113,42.176],[-232.875,44.49],[-163.194,74.077],[-158.076,72.454],[-113.86,0.91]],"c":true},"ix":2},"nm":"Path 1","mn":"ADBE Vector Shape - Group","hd":false},{"ind":1,"ty":"sh","ix":2,"ks":{"a":0,"k":{"i":[[3.032,0],[3.197,5.153],[0,0],[0,0],[0,0],[6.344,2.702],[0,0],[1.384,3.574],[-1.6,3.483],[0,0],[-4.101,2.774],[0,0],[-1.658,-1.017],[-36.076,22.018],[1.58,18.128],[-1.694,0.957],[0,0],[-4.953,-0.165],[0,0],[-2.58,-2.832],[0.238,-3.828],[0,0],[6.955,-0.631],[0,0],[0,0],[1.036,-4.394],[3.833,-2.378],[0,0]],"o":[[-5.657,0.002],[0,0],[0,0],[0,0],[-3.601,5.86],[0,0],[-3.526,-1.496],[-1.384,-3.577],[0,0],[2.067,-4.489],[0,0],[1.612,-1.089],[15.521,9.513],[35.782,-22.417],[-0.169,-1.937],[0,0],[4.275,-2.428],[0,0],[3.822,0.117],[2.584,2.835],[0,0],[-0.437,6.982],[0,0],[0,0],[2.372,3.825],[-1.034,4.388],[0,0],[-2.759,1.711]],"v":[[38.844,237.81],[24.454,229.82],[-57.449,97.345],[-109.639,12.954],[-149.63,77.66],[-167.077,83.207],[-236.753,53.621],[-244.366,45.758],[-244.031,34.811],[-175.207,-114.681],[-165.78,-125.784],[-138.293,-144.355],[-132.925,-144.473],[-58.883,-148.882],[-21.901,-213.113],[-19.396,-217.863],[9.506,-234.171],[23.638,-237.647],[188.138,-232.423],[198.068,-227.85],[201.706,-217.517],[197.062,-141.963],[184.307,-128.829],[108.549,-121.957],[242.639,94.9],[244.714,107.646],[237.167,118.137],[47.703,235.284]],"c":true},"ix":2},"nm":"Path 2","mn":"ADBE Vector Shape - Group","hd":false},{"ty":"mm","mm":1,"nm":"Merge Paths 1","mn":"ADBE Vector Filter - Merge","hd":false},{"ty":"fl","c":{"a":0,"k":[0,0.01568627451,0.415686304429,1],"ix":4},"o":{"a":0,"k":100,"ix":5},"r":1,"bm":0,"nm":"Fill 1","mn":"ADBE Vector Graphic - Fill","hd":false},{"ty":"tr","p":{"a":0,"k":[246,238.062],"ix":2},"a":{"a":0,"k":[0,0],"ix":1},"s":{"a":0,"k":[100,100],"ix":3},"r":{"a":0,"k":0,"ix":6},"o":{"a":0,"k":100,"ix":7},"sk":{"a":0,"k":0,"ix":4},"sa":{"a":0,"k":0,"ix":5},"nm":"Transform"}],"nm":"Group 7","np":6,"cix":2,"bm":0,"ix":7,"mn":"ADBE Vector Group","hd":false},{"ty":"gr","it":[{"ind":0,"ty":"sh","ix":1,"ks":{"a":0,"k":{"i":[[0,0],[0,0],[0,0],[8.525,14.121]],"o":[[0,0],[0,0],[-8.533,-14.134],[0,0]],"v":[[-16.639,-11.397],[9.289,30.511],[16.639,11.772],[-9.129,-30.511]],"c":true},"ix":2},"nm":"Path 1","mn":"ADBE Vector Shape - Group","hd":false},{"ty":"fl","c":{"a":0,"k":[0.886274569642,0.494117676978,0.062745098039,1],"ix":4},"o":{"a":0,"k":100,"ix":5},"r":1,"bm":0,"nm":"Fill 1","mn":"ADBE Vector Graphic - Fill","hd":false},{"ty":"tr","p":{"a":0,"k":[183.481,302.287],"ix":2},"a":{"a":0,"k":[0,0],"ix":1},"s":{"a":0,"k":[100,100],"ix":3},"r":{"a":0,"k":0,"ix":6},"o":{"a":0,"k":100,"ix":7},"sk":{"a":0,"k":0,"ix":4},"sa":{"a":0,"k":0,"ix":5},"nm":"Transform"}],"nm":"Group 8","np":4,"cix":2,"bm":0,"ix":8,"mn":"ADBE Vector Group","hd":false},{"ty":"gr","it":[{"ind":0,"ty":"sh","ix":1,"ks":{"a":0,"k":{"i":[[0,0],[0,0],[0,0],[0,0],[0,0],[-5.431,2.537],[-1.408,5.821],[0,0],[0,0],[-4.532,2.765],[-0.181,0.129],[-0.847,5.496],[0,0],[0,0],[0,0],[0,0],[1.645,-10.499],[0,0],[0,0],[4.521,-2.722],[1.24,-5.125],[0,0],[0,0],[5.158,-1.981],[2.026,-5.142],[0,0]],"o":[[0,0],[0,0],[0,0],[0,0],[5.366,2.667],[5.408,-2.542],[0,0],[0,0],[5.174,1.322],[0.202,-0.124],[4.648,-3.059],[0,0],[0,0],[0,0],[0,0],[-10.553,-1.279],[0,0],[0,0],[-5.11,-1.306],[-4.567,2.768],[0,0],[0,0],[-4.945,-2.461],[-5.15,1.996],[0,0],[0,0]],"v":[[-118.172,46.55],[-92.244,88.458],[-84.893,69.719],[-75.433,45.64],[-45.403,60.482],[-28.311,60.676],[-17.502,47.452],[-6.314,1.273],[40.565,13.273],[55.725,11],[56.31,10.624],[64.939,-2.805],[71.62,-45.753],[118.172,-40.143],[91.635,-83.049],[57.426,-87.178],[35.572,-70.639],[29.308,-30.314],[-15.904,-41.888],[-30.956,-39.68],[-39.955,-27.432],[-50.031,14.2],[-77.196,0.775],[-93.043,0.043],[-104.293,11.241],[-110.661,27.436]],"c":true},"ix":2},"nm":"Path 1","mn":"ADBE Vector Shape - Group","hd":false},{"ty":"fl","c":{"a":0,"k":[0.988235353956,0.607843137255,0.156862745098,1],"ix":4},"o":{"a":0,"k":100,"ix":5},"r":1,"bm":0,"nm":"Fill 1","mn":"ADBE Vector Graphic - Fill","hd":false},{"ty":"tr","p":{"a":0,"k":[285.014,244.34],"ix":2},"a":{"a":0,"k":[0,0],"ix":1},"s":{"a":0,"k":[100,100],"ix":3},"r":{"a":0,"k":0,"ix":6},"o":{"a":0,"k":100,"ix":7},"sk":{"a":0,"k":0,"ix":4},"sa":{"a":0,"k":0,"ix":5},"nm":"Transform"}],"nm":"Group 9","np":4,"cix":2,"bm":0,"ix":9,"mn":"ADBE Vector Group","hd":false},{"ty":"gr","it":[{"ind":0,"ty":"sh","ix":1,"ks":{"a":0,"k":{"i":[[-4.722,-2.005],[0,0],[-2.351,3.822],[0,0],[0,0],[0,0],[0,0],[-5.6,3.473],[0,0],[0,0],[3.465,5.586],[0,0],[4.514,-4.802],[7.35,-4.622],[17.662,-6.937],[8.32,-1.366],[38.468,10.711],[4.062,3.143],[1.535,1.347],[3.049,5.207],[17.797,31.939],[8.536,0.243],[5.653,-7.083],[17.873,-4.49],[12.031,12.889],[0,0]],"o":[[0,0],[4.127,1.757],[0,0],[0,0],[0,0],[0,0],[3.472,5.599],[0,0],[0,0],[5.599,-3.472],[0,0],[-2.279,3.228],[-9.896,10.529],[-3.168,1.992],[-19.562,7.683],[-7.471,1.226],[-22.823,-6.355],[-1.283,-0.992],[-12.977,-11.386],[-18.473,-31.552],[-4.013,-7.203],[-7.373,-0.211],[-15.182,19.024],[-17.734,4.456],[0,0],[-2.138,4.656]],"v":[[-234.738,-58.361],[-165.057,-28.773],[-153.773,-32.364],[-109.564,-103.898],[-79.082,-54.589],[-53.154,-12.681],[28.746,119.788],[45.169,123.647],[139.898,65.075],[234.628,6.503],[238.495,-9.906],[231.67,-20.937],[221.524,-8.507],[194.89,12.634],[162.224,28.868],[117.877,41.125],[32.495,37.704],[-7.566,18.525],[-11.783,15.063],[-34.801,-12.998],[-91.076,-107.148],[-109.64,-125.434],[-127.849,-110.749],[-183.764,-67.888],[-234.422,-81.469],[-239.447,-70.536]],"c":true},"ix":2},"nm":"Path 1","mn":"ADBE Vector Shape - Group","hd":false},{"ty":"fl","c":{"a":0,"k":[0,0.01568627451,0.415686304429,1],"ix":4},"o":{"a":0,"k":100,"ix":5},"r":1,"bm":0,"nm":"Fill 1","mn":"ADBE Vector Graphic - Fill","hd":false},{"ty":"tr","p":{"a":0,"k":[245.924,345.478],"ix":2},"a":{"a":0,"k":[0,0],"ix":1},"s":{"a":0,"k":[100,100],"ix":3},"r":{"a":0,"k":0,"ix":6},"o":{"a":0,"k":100,"ix":7},"sk":{"a":0,"k":0,"ix":4},"sa":{"a":0,"k":0,"ix":5},"nm":"Transform"}],"nm":"Group 10","np":4,"cix":2,"bm":0,"ix":10,"mn":"ADBE Vector Group","hd":false},{"ty":"gr","it":[{"ind":0,"ty":"sh","ix":1,"ks":{"a":0,"k":{"i":[[-4.722,-2.005],[0,0],[-2.351,3.822],[0,0],[0,0],[0,0],[0,0],[-5.6,3.473],[0,0],[0,0],[3.465,5.586],[0,0],[0,0],[0,0],[0,0],[0,0],[0,0],[-0.281,4.484],[0,0],[5.112,0.156],[0,0],[0,0],[3.505,-1.991],[0,0],[0,0],[34.292,-21.484],[20.58,12.613],[0,0],[0,0],[1.696,-3.682],[0,0],[0,0]],"o":[[0,0],[4.127,1.757],[0,0],[0,0],[0,0],[0,0],[3.472,5.599],[0,0],[0,0],[5.599,-3.472],[0,0],[0,0],[0,0],[0,0],[0,0],[0,0],[4.454,-0.405],[0,0],[0.319,-5.118],[0,0],[0,0],[-4.039,-0.127],[0,0],[0,0],[2.094,24.025],[-34.526,21.071],[0,0],[0,0],[-3.341,2.261],[0,0],[0,0],[-2.138,4.656]],"v":[[-234.926,48.195],[-165.245,77.783],[-153.961,74.192],[-109.752,2.658],[-79.27,51.967],[-53.342,93.875],[28.558,226.344],[44.982,230.203],[139.71,171.631],[234.44,113.059],[238.307,96.65],[231.482,85.619],[157.075,-34.726],[130.537,-77.632],[99.998,-127.036],[172.052,-133.565],[183.747,-134.631],[192,-143.128],[196.641,-218.686],[187.87,-228.326],[174.716,-228.739],[23.37,-233.549],[11.831,-230.709],[-2.891,-222.41],[-17.07,-214.404],[-56.411,-145.508],[-135.629,-141.104],[-149.63,-131.653],[-163.112,-122.536],[-170.813,-113.468],[-234.61,25.087],[-239.635,36.02]],"c":true},"ix":2},"nm":"Path 1","mn":"ADBE Vector Shape - Group","hd":false},{"ty":"fl","c":{"a":0,"k":[1,1,1,1],"ix":4},"o":{"a":0,"k":100,"ix":5},"r":1,"bm":0,"nm":"Fill 1","mn":"ADBE Vector Graphic - Fill","hd":false},{"ty":"tr","p":{"a":0,"k":[246.112,238.922],"ix":2},"a":{"a":0,"k":[0,0],"ix":1},"s":{"a":0,"k":[100,100],"ix":3},"r":{"a":0,"k":0,"ix":6},"o":{"a":0,"k":100,"ix":7},"sk":{"a":0,"k":0,"ix":4},"sa":{"a":0,"k":0,"ix":5},"nm":"Transform"}],"nm":"Group 11","np":4,"cix":2,"bm":0,"ix":11,"mn":"ADBE Vector Group","hd":false}],"ip":0,"op":120,"st":-1,"bm":0},{"ddd":0,"ind":2,"ty":4,"nm":"bag","sr":1,"ks":{"o":{"a":0,"k":100,"ix":11},"r":{"a":1,"k":[{"i":{"x":[0.19],"y":[1]},"o":{"x":[0.81],"y":[0]},"t":0,"s":[-10]},{"t":30,"s":[0]}],"ix":10},"p":{"a":1,"k":[{"i":{"x":0.19,"y":1},"o":{"x":0.81,"y":0},"t":0,"s":[499.699,529.394,0],"to":[0,0,0],"ti":[0,0,0]},{"i":{"x":0.833,"y":0.833},"o":{"x":0.81,"y":0},"t":30,"s":[698.699,429.394,0],"to":[0,0,0],"ti":[0,0,0]},{"i":{"x":0.833,"y":0.833},"o":{"x":0.167,"y":0.167},"t":51,"s":[698.699,371.394,0],"to":[0,0,0],"ti":[0,0,0]},{"i":{"x":0.833,"y":0.833},"o":{"x":0.167,"y":0.167},"t":70,"s":[698.699,429.394,0],"to":[0,0,0],"ti":[0,0,0]},{"i":{"x":0.833,"y":0.833},"o":{"x":0.167,"y":0.167},"t":90,"s":[698.699,371.394,0],"to":[0,0,0],"ti":[0,0,0]},{"t":110,"s":[698.699,429.394,0]}],"ix":2},"a":{"a":0,"k":[172.24,248.029,0],"ix":1},"s":{"a":1,"k":[{"i":{"x":[0.19,0.19,0.19],"y":[1,1,1]},"o":{"x":[0.81,0.81,0.81],"y":[0,0,0]},"t":0,"s":[66,66,100]},{"t":30,"s":[100,100,100]}],"ix":6}},"ao":0,"shapes":[{"ty":"gr","it":[{"ind":0,"ty":"sh","ix":1,"ks":{"a":0,"k":{"i":[[1.258,-6.759],[6.759,1.258],[-1.259,6.759],[-6.759,-1.258]],"o":[[-1.258,6.759],[-6.759,-1.259],[1.258,-6.759],[6.759,1.259]],"v":[[12.238,2.279],[-2.279,12.239],[-12.238,-2.279],[2.278,-12.239]],"c":true},"ix":2},"nm":"Path 1","mn":"ADBE Vector Shape - Group","hd":false},{"ty":"fl","c":{"a":0,"k":[0,0.01568627451,0.415686304429,1],"ix":4},"o":{"a":0,"k":100,"ix":5},"r":1,"bm":0,"nm":"Fill 1","mn":"ADBE Vector Graphic - Fill","hd":false},{"ty":"tr","p":{"a":0,"k":[260.971,226.879],"ix":2},"a":{"a":0,"k":[0,0],"ix":1},"s":{"a":0,"k":[100,100],"ix":3},"r":{"a":0,"k":0,"ix":6},"o":{"a":0,"k":100,"ix":7},"sk":{"a":0,"k":0,"ix":4},"sa":{"a":0,"k":0,"ix":5},"nm":"Transform"}],"nm":"Group 1","np":4,"cix":2,"bm":0,"ix":1,"mn":"ADBE Vector Group","hd":false},{"ty":"gr","it":[{"ind":0,"ty":"sh","ix":1,"ks":{"a":0,"k":{"i":[[1.277,-6.856],[6.856,1.277],[-1.277,6.856],[-6.856,-1.277]],"o":[[-1.277,6.856],[-6.856,-1.277],[1.277,-6.856],[6.856,1.277]],"v":[[12.415,2.311],[-2.311,12.415],[-12.414,-2.311],[2.311,-12.415]],"c":true},"ix":2},"nm":"Path 1","mn":"ADBE Vector Shape - Group","hd":false},{"ty":"fl","c":{"a":0,"k":[0,0.01568627451,0.415686304429,1],"ix":4},"o":{"a":0,"k":100,"ix":5},"r":1,"bm":0,"nm":"Fill 1","mn":"ADBE Vector Graphic - Fill","hd":false},{"ty":"tr","p":{"a":0,"k":[143.339,204.977],"ix":2},"a":{"a":0,"k":[0,0],"ix":1},"s":{"a":0,"k":[100,100],"ix":3},"r":{"a":0,"k":0,"ix":6},"o":{"a":0,"k":100,"ix":7},"sk":{"a":0,"k":0,"ix":4},"sa":{"a":0,"k":0,"ix":5},"nm":"Transform"}],"nm":"Group 2","np":4,"cix":2,"bm":0,"ix":2,"mn":"ADBE Vector Group","hd":false},{"ty":"gr","it":[{"ind":0,"ty":"sh","ix":1,"ks":{"a":0,"k":{"i":[[0.515,0.27],[-0.49,2.632],[0,0],[-35.661,-6.639],[-9.937,-14.488],[3.217,-17.275],[0,0],[3.234,0.602],[-0.601,3.233],[0,0],[8.14,11.865],[14.148,2.634],[5.436,-29.201],[0,0],[3.234,0.602]],"o":[[-2.254,-1.183],[0,0],[6.641,-35.66],[17.276,3.218],[9.942,14.489],[0,0],[-0.603,3.235],[-3.236,-0.603],[0,0],[2.634,-14.146],[-8.14,-11.865],[-29.201,-5.437],[0,0],[-0.603,3.235],[-0.602,-0.112]],"v":[[-76.39,93.458],[-79.476,87.092],[-52.596,-57.275],[24.118,-109.906],[66.321,-82.448],[76.75,-33.19],[49.87,111.175],[42.922,115.943],[38.156,108.995],[65.035,-35.372],[56.497,-75.708],[21.938,-98.192],[-40.882,-55.094],[-67.761,89.273],[-74.709,94.04]],"c":true},"ix":2},"nm":"Path 1","mn":"ADBE Vector Shape - Group","hd":false},{"ty":"fl","c":{"a":0,"k":[0,0.01568627451,0.415686304429,1],"ix":4},"o":{"a":0,"k":100,"ix":5},"r":1,"bm":0,"nm":"Fill 1","mn":"ADBE Vector Graphic - Fill","hd":false},{"ty":"tr","p":{"a":0,"k":[216.958,116.795],"ix":2},"a":{"a":0,"k":[0,0],"ix":1},"s":{"a":0,"k":[100,100],"ix":3},"r":{"a":0,"k":0,"ix":6},"o":{"a":0,"k":100,"ix":7},"sk":{"a":0,"k":0,"ix":4},"sa":{"a":0,"k":0,"ix":5},"nm":"Transform"}],"nm":"Group 3","np":4,"cix":2,"bm":0,"ix":3,"mn":"ADBE Vector Group","hd":false},{"ty":"gr","it":[{"ind":0,"ty":"sh","ix":1,"ks":{"a":0,"k":{"i":[[6.157,3.232],[1.801,0.337],[0,0],[2.552,-8.779],[0,0],[-2.655,-4.312],[-4.974,-0.925],[0,0],[-4.029,3.067],[-0.43,5.046],[0,0]],"o":[[-1.544,-0.81],[0,0],[-8.989,-1.673],[0,0],[-1.414,4.862],[2.654,4.314],[0,0],[4.978,0.927],[4.029,-3.068],[0,0],[0.623,-7.284]],"v":[[149.976,-137.317],[144.942,-139.058],[-59.324,-177.09],[-79.568,-164.626],[-158.745,107.709],[-156.821,121.934],[-144.983,130.059],[114.317,178.34],[128.283,175.021],[135.2,162.438],[159.343,-120.142]],"c":true},"ix":2},"nm":"Path 1","mn":"ADBE Vector Shape - Group","hd":false},{"ind":1,"ty":"sh","ix":2,"ks":{"a":0,"k":{"i":[[2.55,1.338],[2.766,4.494],[-2.291,7.878],[0,0],[-14.779,-2.752],[0,0],[1.28,-14.978],[0,0],[6.528,-4.971],[8.066,1.502],[0,0]],"o":[[-4.59,-2.41],[-4.302,-6.986],[0,0],[4.196,-14.435],[0,0],[14.785,2.752],[0,0],[-0.699,8.176],[-6.528,4.971],[0,0],[-2.881,-0.537]],"v":[[-155.258,138.432],[-166.534,127.914],[-169.699,104.524],[-90.52,-167.809],[-57.237,-188.304],[147.031,-150.27],[170.71,-119.17],[146.566,163.41],[135.192,184.096],[112.228,189.553],[-147.071,141.273]],"c":true},"ix":2},"nm":"Path 2","mn":"ADBE Vector Shape - Group","hd":false},{"ty":"mm","mm":1,"nm":"Merge Paths 1","mn":"ADBE Vector Filter - Merge","hd":false},{"ty":"fl","c":{"a":0,"k":[0,0.01568627451,0.415686304429,1],"ix":4},"o":{"a":0,"k":100,"ix":5},"r":1,"bm":0,"nm":"Fill 1","mn":"ADBE Vector Graphic - Fill","hd":false},{"ty":"tr","p":{"a":0,"k":[172.239,304.751],"ix":2},"a":{"a":0,"k":[0,0],"ix":1},"s":{"a":0,"k":[100,100],"ix":3},"r":{"a":0,"k":0,"ix":6},"o":{"a":0,"k":100,"ix":7},"sk":{"a":0,"k":0,"ix":4},"sa":{"a":0,"k":0,"ix":5},"nm":"Transform"}],"nm":"Group 4","np":6,"cix":2,"bm":0,"ix":4,"mn":"ADBE Vector Group","hd":false},{"ty":"gr","it":[{"ind":0,"ty":"sh","ix":1,"ks":{"a":0,"k":{"i":[[0,0],[0,0],[0,0],[0,0]],"o":[[0,0],[0,0],[0,0],[0,0]],"v":[[12.332,-27.491],[7.339,30.999],[-12.332,27.507],[-7.37,-30.999]],"c":true},"ix":2},"nm":"Path 1","mn":"ADBE Vector Shape - Group","hd":false},{"ty":"fl","c":{"a":0,"k":[0.862745157878,0.756862804936,0.878431432387,1],"ix":4},"o":{"a":0,"k":100,"ix":5},"r":1,"bm":0,"nm":"Fill 1","mn":"ADBE Vector Graphic - Fill","hd":false},{"ty":"tr","p":{"a":0,"k":[317.681,297.39],"ix":2},"a":{"a":0,"k":[0,0],"ix":1},"s":{"a":0,"k":[100,100],"ix":3},"r":{"a":0,"k":0,"ix":6},"o":{"a":0,"k":100,"ix":7},"sk":{"a":0,"k":0,"ix":4},"sa":{"a":0,"k":0,"ix":5},"nm":"Transform"}],"nm":"Group 5","np":4,"cix":2,"bm":0,"ix":5,"mn":"ADBE Vector Group","hd":false},{"ty":"gr","it":[{"ind":0,"ty":"sh","ix":1,"ks":{"a":0,"k":{"i":[[-1.151,3.959],[0,0],[-11.831,-2.203],[0,0],[-1.577,-0.681],[9.422,1.754],[0,0],[3.36,-11.556],[0,0],[-10.592,-4.553]],"o":[[0,0],[3.36,-11.557],[0,0],[1.753,0.327],[-2,-8.921],[0,0],[-11.831,-2.203],[0,0],[-3.366,11.579],[-0.844,-3.729]],"v":[[-150.355,146.944],[-71.178,-125.389],[-44.413,-141.869],[159.853,-103.836],[164.845,-102.293],[146.301,-120.19],[-57.965,-158.223],[-84.73,-141.743],[-163.907,130.59],[-150.699,158.622]],"c":true},"ix":2},"nm":"Path 1","mn":"ADBE Vector Shape - Group","hd":false},{"ty":"fl","c":{"a":0,"k":[1,1,1,1],"ix":4},"o":{"a":0,"k":100,"ix":5},"r":1,"bm":0,"nm":"Fill 1","mn":"ADBE Vector Graphic - Fill","hd":false},{"ty":"tr","p":{"a":0,"k":[171.924,280.278],"ix":2},"a":{"a":0,"k":[0,0],"ix":1},"s":{"a":0,"k":[100,100],"ix":3},"r":{"a":0,"k":0,"ix":6},"o":{"a":0,"k":100,"ix":7},"sk":{"a":0,"k":0,"ix":4},"sa":{"a":0,"k":0,"ix":5},"nm":"Transform"}],"nm":"Group 6","np":4,"cix":2,"bm":0,"ix":6,"mn":"ADBE Vector Group","hd":false},{"ty":"gr","it":[{"ind":0,"ty":"sh","ix":1,"ks":{"a":0,"k":{"i":[[0,0],[0,0],[0,0],[0,0],[0,0],[0,0]],"o":[[0,0],[0,0],[0,0],[0,0],[0,0],[0,0]],"v":[[141.811,-5.506],[136.818,52.984],[117.147,49.492],[-141.811,3.468],[-125.395,-52.985],[122.109,-9.014]],"c":true},"ix":2},"nm":"Path 1","mn":"ADBE Vector Shape - Group","hd":false},{"ty":"fl","c":{"a":0,"k":[1,1,1,1],"ix":4},"o":{"a":0,"k":100,"ix":5},"r":1,"bm":0,"nm":"Fill 1","mn":"ADBE Vector Graphic - Fill","hd":false},{"ty":"tr","p":{"a":0,"k":[188.202,275.405],"ix":2},"a":{"a":0,"k":[0,0],"ix":1},"s":{"a":0,"k":[100,100],"ix":3},"r":{"a":0,"k":0,"ix":6},"o":{"a":0,"k":100,"ix":7},"sk":{"a":0,"k":0,"ix":4},"sa":{"a":0,"k":0,"ix":5},"nm":"Transform"}],"nm":"Group 7","np":4,"cix":2,"bm":0,"ix":7,"mn":"ADBE Vector Group","hd":false},{"ty":"gr","it":[{"ind":0,"ty":"sh","ix":1,"ks":{"a":0,"k":{"i":[[-1.178,13.792],[0,0],[11.49,2.465],[0.129,-1.523],[0,0],[13.477,2.509],[0,0],[1.262,0.473],[-12.411,-2.311],[0,0]],"o":[[0,0],[1.006,-11.775],[0.165,1.469],[0,0],[-1.15,13.566],[0,0],[-1.377,-0.256],[-1.599,12.109],[0,0],[13.609,2.534]],"v":[[141.13,141.942],[165.273,-140.637],[146.859,-165.499],[146.924,-161.006],[123.367,116.938],[96.056,137.584],[-160.735,89.772],[-164.68,88.645],[-145.781,114.686],[113.518,162.964]],"c":true},"ix":2},"nm":"Path 1","mn":"ADBE Vector Shape - Group","hd":false},{"ty":"fl","c":{"a":0,"k":[0.035294117647,0.411764735802,0.85882358925,1],"ix":4},"o":{"a":0,"k":100,"ix":5},"r":1,"bm":0,"nm":"Fill 1","mn":"ADBE Vector Graphic - Fill","hd":false},{"ty":"tr","p":{"a":0,"k":[171.993,325.734],"ix":2},"a":{"a":0,"k":[0,0],"ix":1},"s":{"a":0,"k":[100,100],"ix":3},"r":{"a":0,"k":0,"ix":6},"o":{"a":0,"k":100,"ix":7},"sk":{"a":0,"k":0,"ix":4},"sa":{"a":0,"k":0,"ix":5},"nm":"Transform"}],"nm":"Group 8","np":4,"cix":2,"bm":0,"ix":8,"mn":"ADBE Vector Group","hd":false},{"ty":"gr","it":[{"ind":0,"ty":"sh","ix":1,"ks":{"a":0,"k":{"i":[[1.027,-11.992],[0,0],[0,0],[0,0],[13.619,2.544],[0,0],[-3.855,13.304],[0,0],[0,0],[0,0],[-11.834,-2.212],[0,0]],"o":[[0,0],[0,0],[0,0],[-1.185,13.793],[0,0],[-13.604,-2.544],[0,0],[0,0],[0,0],[3.35,-11.566],[0,0],[11.834,2.196]],"v":[[166.04,-120.442],[158.788,-35.644],[153.795,22.846],[141.898,162.138],[114.28,183.151],[-145.011,134.883],[-163.212,105.321],[-124.835,-26.67],[-108.419,-83.123],[-84.024,-167.004],[-57.259,-183.483],[147.001,-145.453]],"c":true},"ix":2},"nm":"Path 1","mn":"ADBE Vector Shape - Group","hd":false},{"ty":"fl","c":{"a":0,"k":[0,0.588235294118,0.941176530427,1],"ix":4},"o":{"a":0,"k":100,"ix":5},"r":1,"bm":0,"nm":"Fill 1","mn":"ADBE Vector Graphic - Fill","hd":false},{"ty":"tr","p":{"a":0,"k":[171.225,305.543],"ix":2},"a":{"a":0,"k":[0,0],"ix":1},"s":{"a":0,"k":[100,100],"ix":3},"r":{"a":0,"k":0,"ix":6},"o":{"a":0,"k":100,"ix":7},"sk":{"a":0,"k":0,"ix":4},"sa":{"a":0,"k":0,"ix":5},"nm":"Transform"}],"nm":"Group 9","np":4,"cix":2,"bm":0,"ix":9,"mn":"ADBE Vector Group","hd":false}],"ip":0,"op":120,"st":0,"bm":0},{"ddd":0,"ind":3,"ty":4,"nm":"msg icon","sr":1,"ks":{"o":{"a":0,"k":100,"ix":11},"r":{"a":1,"k":[{"i":{"x":[0.21],"y":[1]},"o":{"x":[0.79],"y":[0]},"t":4,"s":[-46]},{"t":34,"s":[0]}],"ix":10},"p":{"a":1,"k":[{"i":{"x":0.21,"y":1},"o":{"x":0.79,"y":0},"t":4,"s":[548.269,621.534,0],"to":[0,0,0],"ti":[0,0,0]},{"i":{"x":0.833,"y":0.833},"o":{"x":0.79,"y":0},"t":34,"s":[708.269,749.534,0],"to":[0,0,0],"ti":[0,0,0]},{"i":{"x":0.833,"y":0.833},"o":{"x":0.167,"y":0.167},"t":56,"s":[708.269,790.534,0],"to":[0,0,0],"ti":[0,0,0]},{"i":{"x":0.833,"y":0.833},"o":{"x":0.167,"y":0.167},"t":76,"s":[708.269,749.534,0],"to":[0,0,0],"ti":[0,0,0]},{"i":{"x":0.833,"y":0.833},"o":{"x":0.167,"y":0.167},"t":96,"s":[708.269,790.534,0],"to":[0,0,0],"ti":[0,0,0]},{"t":115,"s":[708.269,749.534,0]}],"ix":2},"a":{"a":0,"k":[69.947,52.556,0],"ix":1},"s":{"a":1,"k":[{"i":{"x":[0.21,0.21,0.21],"y":[1,1,1]},"o":{"x":[0.79,0.79,0.79],"y":[0,0,0]},"t":4,"s":[74,74,100]},{"t":34,"s":[100,100,100]}],"ix":6}},"ao":0,"shapes":[{"ty":"gr","it":[{"ind":0,"ty":"sh","ix":1,"ks":{"a":0,"k":{"i":[[-0.884,-3.572],[3.572,-0.885],[0.885,3.573],[-3.572,0.884]],"o":[[0.884,3.572],[-3.573,0.884],[-0.884,-3.572],[3.573,-0.884]],"v":[[6.469,-1.602],[1.602,6.469],[-6.469,1.601],[-1.602,-6.469]],"c":true},"ix":2},"nm":"Path 1","mn":"ADBE Vector Shape - Group","hd":false},{"ty":"fl","c":{"a":0,"k":[0,0.01568627451,0.415686304429,1],"ix":4},"o":{"a":0,"k":100,"ix":5},"r":1,"bm":0,"nm":"Fill 1","mn":"ADBE Vector Graphic - Fill","hd":false},{"ty":"tr","p":{"a":0,"k":[95.431,46.078],"ix":2},"a":{"a":0,"k":[0,0],"ix":1},"s":{"a":0,"k":[100,100],"ix":3},"r":{"a":0,"k":0,"ix":6},"o":{"a":0,"k":100,"ix":7},"sk":{"a":0,"k":0,"ix":4},"sa":{"a":0,"k":0,"ix":5},"nm":"Transform"}],"nm":"Group 1","np":4,"cix":2,"bm":0,"ix":1,"mn":"ADBE Vector Group","hd":false},{"ty":"gr","it":[{"ind":0,"ty":"sh","ix":1,"ks":{"a":0,"k":{"i":[[-0.884,-3.572],[3.572,-0.885],[0.885,3.573],[-3.572,0.884]],"o":[[0.884,3.572],[-3.573,0.884],[-0.884,-3.572],[3.573,-0.884]],"v":[[6.469,-1.602],[1.602,6.469],[-6.469,1.601],[-1.602,-6.469]],"c":true},"ix":2},"nm":"Path 1","mn":"ADBE Vector Shape - Group","hd":false},{"ty":"fl","c":{"a":0,"k":[0,0.01568627451,0.415686304429,1],"ix":4},"o":{"a":0,"k":100,"ix":5},"r":1,"bm":0,"nm":"Fill 1","mn":"ADBE Vector Graphic - Fill","hd":false},{"ty":"tr","p":{"a":0,"k":[70.635,52.216],"ix":2},"a":{"a":0,"k":[0,0],"ix":1},"s":{"a":0,"k":[100,100],"ix":3},"r":{"a":0,"k":0,"ix":6},"o":{"a":0,"k":100,"ix":7},"sk":{"a":0,"k":0,"ix":4},"sa":{"a":0,"k":0,"ix":5},"nm":"Transform"}],"nm":"Group 2","np":4,"cix":2,"bm":0,"ix":2,"mn":"ADBE Vector Group","hd":false},{"ty":"gr","it":[{"ind":0,"ty":"sh","ix":1,"ks":{"a":0,"k":{"i":[[-0.884,-3.572],[3.572,-0.885],[0.885,3.573],[-3.572,0.884]],"o":[[0.884,3.572],[-3.573,0.884],[-0.884,-3.572],[3.573,-0.884]],"v":[[6.469,-1.602],[1.602,6.469],[-6.469,1.601],[-1.602,-6.469]],"c":true},"ix":2},"nm":"Path 1","mn":"ADBE Vector Shape - Group","hd":false},{"ty":"fl","c":{"a":0,"k":[0,0.01568627451,0.415686304429,1],"ix":4},"o":{"a":0,"k":100,"ix":5},"r":1,"bm":0,"nm":"Fill 1","mn":"ADBE Vector Graphic - Fill","hd":false},{"ty":"tr","p":{"a":0,"k":[44.762,58.62],"ix":2},"a":{"a":0,"k":[0,0],"ix":1},"s":{"a":0,"k":[100,100],"ix":3},"r":{"a":0,"k":0,"ix":6},"o":{"a":0,"k":100,"ix":7},"sk":{"a":0,"k":0,"ix":4},"sa":{"a":0,"k":0,"ix":5},"nm":"Transform"}],"nm":"Group 3","np":4,"cix":2,"bm":0,"ix":3,"mn":"ADBE Vector Group","hd":false},{"ty":"gr","it":[{"ind":0,"ty":"sh","ix":1,"ks":{"a":0,"k":{"i":[[0,0],[0,0]],"o":[[0,0],[0,0]],"v":[[64.663,4.951],[64.678,4.949]],"c":true},"ix":2},"nm":"Path 1","mn":"ADBE Vector Shape - Group","hd":false},{"ind":1,"ty":"sh","ix":2,"ks":{"a":0,"k":{"i":[[0.69,-0.063],[2.188,1.318],[0.826,3.241],[0,0],[-6.457,1.78],[0,0],[0.356,1.47],[0,0],[0,0],[-0.599,0.166],[0,0],[-2.797,-1.683],[-0.826,-3.241],[0,0],[6.457,-1.78],[0,0]],"o":[[-2.471,0.225],[-2.798,-1.685],[0,0],[-1.706,-6.692],[0,0],[1.414,-0.382],[0,0],[0,0],[0.562,0.265],[0,0],[3.132,-0.854],[2.797,1.685],[0,0],[1.708,6.694],[0,0],[-0.683,0.186]],"v":[[-38.522,46.105],[-45.653,44.449],[-51.273,36.809],[-62.147,-5.662],[-53.532,-21.028],[-51.676,-21.532],[-49.765,-24.877],[-53.299,-39.442],[-29.6,-28.247],[-27.809,-28.09],[36.402,-45.734],[45.593,-44.451],[51.214,-36.812],[62.085,5.656],[53.472,21.025],[-36.462,45.731]],"c":true},"ix":2},"nm":"Path 2","mn":"ADBE Vector Shape - Group","hd":false},{"ind":2,"ty":"sh","ix":3,"ks":{"a":0,"k":{"i":[[0.45,-0.041],[0.425,-0.369],[-0.25,-1.03],[0,0],[-2.396,-9.397],[0,0],[-4.03,-2.426],[-4.508,1.234],[0,0],[2.456,9.634],[0,0.001],[0,0],[4.031,2.426],[4.51,-1.232],[0,0],[0,0]],"o":[[-0.532,0.048],[-0.787,0.678],[0,0],[-8.892,2.851],[0,0],[1.189,4.667],[4.028,2.425],[0,0],[9.295,-2.563],[-0.002,-0.002],[0,0],[-1.189,-4.669],[-4.027,-2.424],[0,0],[0,0],[-0.428,-0.201]],"v":[[-57.468,-47.09],[-58.94,-46.459],[-59.819,-43.665],[-55.574,-26.166],[-67.301,-4.249],[-56.428,38.223],[-48.332,49.225],[-35.098,51.072],[54.84,26.365],[67.241,4.245],[67.238,4.243],[56.366,-38.226],[48.272,-49.229],[35.035,-51.075],[-28.254,-33.684],[-56.129,-46.852]],"c":true},"ix":2},"nm":"Path 3","mn":"ADBE Vector Shape - Group","hd":false},{"ty":"mm","mm":1,"nm":"Merge Paths 1","mn":"ADBE Vector Filter - Merge","hd":false},{"ty":"fl","c":{"a":0,"k":[0,0.01568627451,0.415686304429,1],"ix":4},"o":{"a":0,"k":100,"ix":5},"r":1,"bm":0,"nm":"Fill 1","mn":"ADBE Vector Graphic - Fill","hd":false},{"ty":"tr","p":{"a":0,"k":[69.946,52.557],"ix":2},"a":{"a":0,"k":[0,0],"ix":1},"s":{"a":0,"k":[100,100],"ix":3},"r":{"a":0,"k":0,"ix":6},"o":{"a":0,"k":100,"ix":7},"sk":{"a":0,"k":0,"ix":4},"sa":{"a":0,"k":0,"ix":5},"nm":"Transform"}],"nm":"Group 4","np":7,"cix":2,"bm":0,"ix":4,"mn":"ADBE Vector Group","hd":false},{"ty":"gr","it":[{"ind":0,"ty":"sh","ix":1,"ks":{"a":0,"k":{"i":[[2.087,8.181],[0,0],[5.148,1.252],[-0.623,-2.403],[0,0],[8.018,-2.177],[0,0],[1.811,0.213],[-5.446,1.491],[0,0]],"o":[[0,0],[-1.446,-5.668],[1.516,1.738],[0,0],[2.119,8.181],[0,0],[-1.869,0.505],[3.597,3.978],[0,0],[7.895,-2.176]],"v":[[57.263,4.748],[46.393,-37.72],[35.469,-48.712],[38.767,-42.465],[49.805,0.003],[39.135,18.747],[-52.201,43.456],[-57.758,43.856],[-43.177,48.198],[46.758,23.491]],"c":true},"ix":2},"nm":"Path 1","mn":"ADBE Vector Shape - Group","hd":false},{"ty":"fl","c":{"a":0,"k":[0,0.01568627451,0.415686304429,1],"ix":4},"o":{"a":0,"k":100,"ix":5},"r":1,"bm":0,"nm":"Fill 1","mn":"ADBE Vector Graphic - Fill","hd":false},{"ty":"tr","p":{"a":0,"k":[77.346,52.759],"ix":2},"a":{"a":0,"k":[0,0],"ix":1},"s":{"a":0,"k":[100,100],"ix":3},"r":{"a":0,"k":0,"ix":6},"o":{"a":0,"k":100,"ix":7},"sk":{"a":0,"k":0,"ix":4},"sa":{"a":0,"k":0,"ix":5},"nm":"Transform"}],"nm":"Group 5","np":4,"cix":2,"bm":0,"ix":5,"mn":"ADBE Vector Group","hd":false},{"ty":"gr","it":[{"ind":0,"ty":"sh","ix":1,"ks":{"a":0,"k":{"i":[[2.087,8.181],[0,0],[7.895,-2.163],[0,0],[0,0],[0,0],[0,0],[-2.087,-8.181],[0,0],[-7.895,2.162],[0,0]],"o":[[0,0],[-2.087,-8.181],[0,0],[0,0],[0,0],[0,0],[-7.895,2.176],[0,0],[2.087,8.182],[0,0],[7.895,-2.176]],"v":[[64.692,4.952],[53.822,-37.516],[35.748,-48.402],[-28.463,-30.759],[-57.205,-44.337],[-52.32,-24.202],[-54.187,-23.695],[-64.692,-4.953],[-53.822,37.516],[-35.748,48.402],[54.187,23.695]],"c":true},"ix":2},"nm":"Path 1","mn":"ADBE Vector Shape - Group","hd":false},{"ty":"fl","c":{"a":0,"k":[1,1,1,1],"ix":4},"o":{"a":0,"k":100,"ix":5},"r":1,"bm":0,"nm":"Fill 1","mn":"ADBE Vector Graphic - Fill","hd":false},{"ty":"tr","p":{"a":0,"k":[69.917,52.555],"ix":2},"a":{"a":0,"k":[0,0],"ix":1},"s":{"a":0,"k":[100,100],"ix":3},"r":{"a":0,"k":0,"ix":6},"o":{"a":0,"k":100,"ix":7},"sk":{"a":0,"k":0,"ix":4},"sa":{"a":0,"k":0,"ix":5},"nm":"Transform"}],"nm":"Group 6","np":4,"cix":2,"bm":0,"ix":6,"mn":"ADBE Vector Group","hd":false}],"ip":3,"op":120,"st":4,"bm":0},{"ddd":0,"ind":4,"ty":4,"nm":"hirte icon","sr":1,"ks":{"o":{"a":0,"k":100,"ix":11},"r":{"a":1,"k":[{"i":{"x":[0.21],"y":[1]},"o":{"x":[0.79],"y":[0]},"t":8,"s":[-91]},{"t":38,"s":[0]}],"ix":10},"p":{"a":1,"k":[{"i":{"x":0.21,"y":1},"o":{"x":0.79,"y":0},"t":8,"s":[487.696,435.528,0],"to":[0,0,0],"ti":[0,0,0]},{"i":{"x":0.833,"y":0.833},"o":{"x":0.79,"y":0},"t":38,"s":[262.696,258.528,0],"to":[0,0,0],"ti":[0,0,0]},{"i":{"x":0.833,"y":0.833},"o":{"x":0.167,"y":0.167},"t":63,"s":[262.696,207.528,0],"to":[0,0,0],"ti":[0,0,0]},{"i":{"x":0.833,"y":0.833},"o":{"x":0.167,"y":0.167},"t":83,"s":[262.696,258.527,0],"to":[0,0,0],"ti":[0,0,0]},{"i":{"x":0.833,"y":0.833},"o":{"x":0.167,"y":0.167},"t":103,"s":[262.696,207.528,0],"to":[0,0,0],"ti":[0,0,0]},{"t":120,"s":[262.696,258.527,0]}],"ix":2},"a":{"a":0,"k":[68.629,58.846,0],"ix":1},"s":{"a":1,"k":[{"i":{"x":[0.21,0.21,0.21],"y":[1,1,1]},"o":{"x":[0.79,0.79,0.79],"y":[0,0,0]},"t":8,"s":[68,68,100]},{"t":38,"s":[100,100,100]}],"ix":6}},"ao":0,"shapes":[{"ty":"gr","it":[{"ind":0,"ty":"sh","ix":1,"ks":{"a":0,"k":{"i":[[6.961,2.349],[0,0],[2.349,-6.96],[0,0],[0,0],[2.35,-6.96],[-6.961,-2.35],[0,0],[0,0],[-0.619,1.835],[0,0],[0,0]],"o":[[0,0],[-6.961,-2.349],[0,0],[0,0],[-6.961,-2.349],[-2.349,6.961],[0,0],[0,0],[1.835,0.619],[0,0],[0,0],[2.35,-6.96]],"v":[[13.407,-20.148],[13.407,-20.148],[-3.037,-10.965],[-3.403,-9.881],[-4.486,-10.247],[-21.757,-2.732],[-13.407,14.126],[-12.324,14.491],[9.56,21.878],[14.004,19.677],[21.391,-2.207],[21.756,-3.291]],"c":true},"ix":2},"nm":"Path 1","mn":"ADBE Vector Shape - Group","hd":false},{"ty":"fl","c":{"a":0,"k":[1,0,0.407843167174,1],"ix":4},"o":{"a":0,"k":100,"ix":5},"r":1,"bm":0,"nm":"Fill 1","mn":"ADBE Vector Graphic - Fill","hd":false},{"ty":"tr","p":{"a":0,"k":[67.065,55.162],"ix":2},"a":{"a":0,"k":[0,0],"ix":1},"s":{"a":0,"k":[100,100],"ix":3},"r":{"a":0,"k":0,"ix":6},"o":{"a":0,"k":100,"ix":7},"sk":{"a":0,"k":0,"ix":4},"sa":{"a":0,"k":0,"ix":5},"nm":"Transform"}],"nm":"Group 1","np":4,"cix":2,"bm":0,"ix":1,"mn":"ADBE Vector Group","hd":false},{"ty":"gr","it":[{"ind":0,"ty":"sh","ix":1,"ks":{"a":0,"k":{"i":[[-0.355,0.039],[-0.558,-0.288],[0,0],[0,0],[-0.914,0.442],[0,0],[1.235,2.553],[0,0],[1.4,0.389],[1.576,-0.764],[0,0],[0.624,-1.481],[-0.564,-1.166],[0,0],[-1.401,-0.389],[-1.577,0.763],[0,0]],"o":[[0.608,-0.066],[0,0],[0,0],[0.177,-0.999],[0,0],[3.117,-1.507],[0,0],[-0.564,-1.167],[-1.551,-0.431],[0,0],[-1.576,0.762],[-0.564,1.34],[0,0],[0.563,1.166],[1.547,0.43],[0,0],[0.329,-0.159]],"v":[[-2.675,37.461],[-0.886,37.793],[24.041,50.615],[28.854,23.462],[30.591,21.168],[56.52,8.626],[59.934,1.262],[35.502,-49.25],[32.456,-51.662],[27.609,-51.146],[-57.859,-9.807],[-61.272,-6.329],[-61.272,-2.444],[-36.84,48.069],[-33.794,50.481],[-28.948,49.965],[-3.709,37.758]],"c":true},"ix":2},"nm":"Path 1","mn":"ADBE Vector Shape - Group","hd":false},{"ind":1,"ty":"sh","ix":2,"ks":{"a":0,"k":{"i":[[0.364,-0.04],[0.558,0.288],[0,0],[0,0],[3.029,0.841],[1.367,2.827],[0,0],[-1.28,3.039],[-2.961,1.432],[0,0],[-3.031,-0.841],[-1.367,-2.827],[0,0],[6.255,-3.026],[0,0],[0,0],[0.9,-0.446]],"o":[[-0.609,0.066],[0,0],[0,0],[-2.962,1.433],[-3.177,-0.883],[0,0],[-1.366,-2.826],[1.222,-2.898],[0,0],[2.96,-1.432],[3.177,0.883],[0,0],[2.752,5.692],[0,0],[0,0],[-0.175,0.989],[-0.336,0.167]],"v":[[26.749,58.53],[24.96,58.198],[-2.376,44.138],[-26.195,55.658],[-35.487,56.574],[-42.534,50.822],[-66.965,0.31],[-67.099,-8.785],[-60.612,-15.5],[24.856,-56.839],[34.148,-57.755],[41.195,-52.003],[65.627,-1.491],[59.274,14.319],[34.799,26.157],[29.519,55.939],[27.809,58.22]],"c":true},"ix":2},"nm":"Path 2","mn":"ADBE Vector Shape - Group","hd":false},{"ty":"mm","mm":1,"nm":"Merge Paths 1","mn":"ADBE Vector Filter - Merge","hd":false},{"ty":"fl","c":{"a":0,"k":[0,0.01568627451,0.415686304429,1],"ix":4},"o":{"a":0,"k":100,"ix":5},"r":1,"bm":0,"nm":"Fill 1","mn":"ADBE Vector Graphic - Fill","hd":false},{"ty":"tr","p":{"a":0,"k":[68.629,58.846],"ix":2},"a":{"a":0,"k":[0,0],"ix":1},"s":{"a":0,"k":[100,100],"ix":3},"r":{"a":0,"k":0,"ix":6},"o":{"a":0,"k":100,"ix":7},"sk":{"a":0,"k":0,"ix":4},"sa":{"a":0,"k":0,"ix":5},"nm":"Transform"}],"nm":"Group 2","np":6,"cix":2,"bm":0,"ix":2,"mn":"ADBE Vector Group","hd":false},{"ty":"gr","it":[{"ind":0,"ty":"sh","ix":1,"ks":{"a":0,"k":{"i":[[1.996,4.127],[0,0],[1.019,0.722],[0,0],[4.393,-2.118],[0,0],[0.533,-3.423],[0,0],[0,0],[2.448,-1.18],[0,0],[1.953,4.05],[0,0],[0.119,0.664],[-1.624,-3.359],[0,0],[-4.692,2.269],[0,0],[0,0],[0,0],[0,0]],"o":[[0,0],[-0.565,-1.167],[0,0],[1.953,4.05],[0,0],[-3.12,1.505],[0,0],[0,0],[-2.387,-1.3],[0,0],[-4.393,2.118],[0,0],[-0.305,-0.632],[-3.011,2.62],[0,0],[1.996,4.128],[0,0],[0,0],[0,0],[0,0],[4.692,-2.269]],"v":[[63.449,-1.075],[39.018,-51.588],[36.589,-54.426],[59.549,-6.81],[55.129,4.364],[35.834,13.668],[29.999,21.538],[26.116,46.469],[2.538,33.628],[-5.164,33.437],[-24.896,42.952],[-36.392,39.453],[-60.294,-10.117],[-60.916,-12.068],[-63.45,-2.027],[-39.018,48.485],[-26.903,51.851],[-1.663,39.643],[27.074,54.426],[32.636,23.054],[58.566,10.512]],"c":true},"ix":2},"nm":"Path 1","mn":"ADBE Vector Shape - Group","hd":false},{"ty":"fl","c":{"a":0,"k":[0.086274509804,0.01568627451,0.305882352941,1],"ix":4},"o":{"a":0,"k":100,"ix":5},"r":1,"bm":0,"nm":"Fill 1","mn":"ADBE Vector Graphic - Fill","hd":false},{"ty":"tr","p":{"a":0,"k":[67.96,59.807],"ix":2},"a":{"a":0,"k":[0,0],"ix":1},"s":{"a":0,"k":[100,100],"ix":3},"r":{"a":0,"k":0,"ix":6},"o":{"a":0,"k":100,"ix":7},"sk":{"a":0,"k":0,"ix":4},"sa":{"a":0,"k":0,"ix":5},"nm":"Transform"}],"nm":"Group 3","np":4,"cix":2,"bm":0,"ix":3,"mn":"ADBE Vector Group","hd":false},{"ty":"gr","it":[{"ind":0,"ty":"sh","ix":1,"ks":{"a":0,"k":{"i":[[-1.996,-4.127],[0,0],[4.692,-2.27],[0,0],[0,0],[0,0],[0,0],[1.996,4.127],[0,0],[-4.692,2.27],[0,0]],"o":[[0,0],[1.997,4.128],[0,0],[0,0],[0,0],[0,0],[-4.692,2.27],[0,0],[-1.996,-4.127],[0,0],[4.691,-2.27]],"v":[[39.018,-50.189],[63.449,0.323],[58.566,11.91],[32.636,24.452],[27.075,55.824],[-1.664,41.042],[-26.903,53.249],[-39.019,49.884],[-63.45,-0.629],[-58.567,-12.216],[26.903,-53.554]],"c":true},"ix":2},"nm":"Path 1","mn":"ADBE Vector Shape - Group","hd":false},{"ty":"fl","c":{"a":0,"k":[1,1,1,1],"ix":4},"o":{"a":0,"k":100,"ix":5},"r":1,"bm":0,"nm":"Fill 1","mn":"ADBE Vector Graphic - Fill","hd":false},{"ty":"tr","p":{"a":0,"k":[67.96,58.408],"ix":2},"a":{"a":0,"k":[0,0],"ix":1},"s":{"a":0,"k":[100,100],"ix":3},"r":{"a":0,"k":0,"ix":6},"o":{"a":0,"k":100,"ix":7},"sk":{"a":0,"k":0,"ix":4},"sa":{"a":0,"k":0,"ix":5},"nm":"Transform"}],"nm":"Group 4","np":4,"cix":2,"bm":0,"ix":4,"mn":"ADBE Vector Group","hd":false}],"ip":7,"op":120,"st":8,"bm":0},{"ddd":0,"ind":5,"ty":4,"nm":"% icon","sr":1,"ks":{"o":{"a":0,"k":100,"ix":11},"r":{"a":1,"k":[{"i":{"x":[0.17],"y":[1]},"o":{"x":[0.83],"y":[0]},"t":12,"s":[55]},{"t":42,"s":[0]}],"ix":10},"p":{"a":1,"k":[{"i":{"x":0.17,"y":1},"o":{"x":0.83,"y":0},"t":12,"s":[566.327,460.334,0],"to":[0,0,0],"ti":[0,0,0]},{"i":{"x":0.833,"y":0.833},"o":{"x":0.83,"y":0},"t":42,"s":[561.327,206.334,0],"to":[0,0,0],"ti":[0,0,0]},{"i":{"x":0.833,"y":0.833},"o":{"x":0.167,"y":0.167},"t":63,"s":[561.327,130.334,0],"to":[0,0,0],"ti":[0,0,0]},{"i":{"x":0.833,"y":0.833},"o":{"x":0.167,"y":0.167},"t":83,"s":[561.327,206.334,0],"to":[0,0,0],"ti":[0,0,0]},{"i":{"x":0.833,"y":0.833},"o":{"x":0.167,"y":0.167},"t":103,"s":[561.327,130.334,0],"to":[0,0,0],"ti":[0,0,0]},{"t":120,"s":[561.327,206.334,0]}],"ix":2},"a":{"a":0,"k":[57.743,60.516,0],"ix":1},"s":{"a":1,"k":[{"i":{"x":[0.17,0.17,0.17],"y":[1,1,1]},"o":{"x":[0.83,0.83,0.83],"y":[0,0,0]},"t":12,"s":[52,52,100]},{"t":42,"s":[100,100,100]}],"ix":6}},"ao":0,"shapes":[{"ty":"gr","it":[{"ind":0,"ty":"sh","ix":1,"ks":{"a":0,"k":{"i":[[0.582,-0.006],[0.413,0.369],[-0.785,0.881],[0,0],[-0.881,-0.787],[0.785,-0.881],[0,0]],"o":[[-0.513,0.005],[-0.881,-0.786],[0,0],[0.784,-0.882],[0.881,0.785],[0,0],[-0.416,0.468]],"v":[[-13.995,17.973],[-15.438,17.431],[-15.611,14.413],[12.42,-17.018],[15.438,-17.191],[15.61,-14.174],[-12.421,17.258]],"c":true},"ix":2},"nm":"Path 1","mn":"ADBE Vector Shape - Group","hd":false},{"ty":"fl","c":{"a":0,"k":[1,1,1,1],"ix":4},"o":{"a":0,"k":100,"ix":5},"r":1,"bm":0,"nm":"Fill 1","mn":"ADBE Vector Graphic - Fill","hd":false},{"ty":"tr","p":{"a":0,"k":[56.497,59.336],"ix":2},"a":{"a":0,"k":[0,0],"ix":1},"s":{"a":0,"k":[100,100],"ix":3},"r":{"a":0,"k":0,"ix":6},"o":{"a":0,"k":100,"ix":7},"sk":{"a":0,"k":0,"ix":4},"sa":{"a":0,"k":0,"ix":5},"nm":"Transform"}],"nm":"Group 1","np":4,"cix":2,"bm":0,"ix":1,"mn":"ADBE Vector Group","hd":false},{"ty":"gr","it":[{"ind":0,"ty":"sh","ix":1,"ks":{"a":0,"k":{"i":[[0.204,-0.002],[0.286,-2.723],[-2.93,-0.309],[-1.109,0.898],[-0.15,1.419],[0,0],[0.898,1.11],[1.421,0.15]],"o":[[-2.673,0.027],[-0.31,2.929],[1.427,0.151],[1.109,-0.898],[0,0],[0.151,-1.42],[-0.898,-1.11],[-0.208,-0.021]],"v":[[0.085,-5.093],[-5.17,-0.309],[-0.416,5.565],[3.505,4.404],[5.457,0.811],[5.456,0.811],[4.297,-3.111],[0.703,-5.064]],"c":true},"ix":2},"nm":"Path 1","mn":"ADBE Vector Shape - Group","hd":false},{"ind":1,"ty":"sh","ix":2,"ks":{"a":0,"k":{"i":[[2.157,-0.022],[0.377,0.04],[-0.555,5.274],[-5.294,-0.559],[-1.616,-1.997],[0.269,-2.555],[1.997,-1.616]],"o":[[-0.373,0.004],[-5.274,-0.556],[0.558,-5.273],[2.554,0.27],[1.615,1.998],[-0.27,2.555],[-1.703,1.378]],"v":[[0.261,9.87],[-0.865,9.816],[-9.423,-0.758],[1.152,-9.315],[7.621,-5.8],[9.709,1.259],[6.194,7.727]],"c":true},"ix":2},"nm":"Path 2","mn":"ADBE Vector Shape - Group","hd":false},{"ty":"mm","mm":1,"nm":"Merge Paths 1","mn":"ADBE Vector Filter - Merge","hd":false},{"ty":"fl","c":{"a":0,"k":[1,1,1,1],"ix":4},"o":{"a":0,"k":100,"ix":5},"r":1,"bm":0,"nm":"Fill 1","mn":"ADBE Vector Graphic - Fill","hd":false},{"ty":"tr","p":{"a":0,"k":[62.644,75.988],"ix":2},"a":{"a":0,"k":[0,0],"ix":1},"s":{"a":0,"k":[100,100],"ix":3},"r":{"a":0,"k":0,"ix":6},"o":{"a":0,"k":100,"ix":7},"sk":{"a":0,"k":0,"ix":4},"sa":{"a":0,"k":0,"ix":5},"nm":"Transform"}],"nm":"Group 2","np":6,"cix":2,"bm":0,"ix":2,"mn":"ADBE Vector Group","hd":false},{"ty":"gr","it":[{"ind":0,"ty":"sh","ix":1,"ks":{"a":0,"k":{"i":[[0.205,-0.002],[0.286,-2.722],[-0.898,-1.109],[-1.42,-0.15],[-1.11,0.897],[-0.15,1.419],[0,0],[0.898,1.109],[1.42,0.149]],"o":[[-2.673,0.027],[-0.15,1.419],[0.898,1.11],[1.416,0.149],[1.109,-0.898],[0,0],[0.15,-1.419],[-0.898,-1.11],[-0.208,-0.022]],"v":[[-0.06,-5.092],[-5.314,-0.309],[-4.154,3.613],[-0.56,5.566],[3.361,4.405],[5.313,0.813],[5.313,0.811],[4.153,-3.11],[0.56,-5.062]],"c":true},"ix":2},"nm":"Path 1","mn":"ADBE Vector Shape - Group","hd":false},{"ind":1,"ty":"sh","ix":2,"ks":{"a":0,"k":{"i":[[2.157,-0.023],[0.378,0.04],[1.617,1.997],[-0.268,2.555],[-5.275,-0.56],[-1.616,-1.997],[0.27,-2.555],[1.997,-1.616]],"o":[[-0.375,0.003],[-2.554,-0.269],[-1.616,-1.997],[0.558,-5.276],[2.555,0.269],[1.616,1.998],[-0.27,2.555],[-1.702,1.378]],"v":[[0.119,9.871],[-1.009,9.816],[-7.477,6.303],[-9.567,-0.757],[1.008,-9.314],[7.477,-5.799],[9.565,1.261],[6.05,7.728]],"c":true},"ix":2},"nm":"Path 2","mn":"ADBE Vector Shape - Group","hd":false},{"ty":"mm","mm":1,"nm":"Merge Paths 1","mn":"ADBE Vector Filter - Merge","hd":false},{"ty":"fl","c":{"a":0,"k":[1,1,1,1],"ix":4},"o":{"a":0,"k":100,"ix":5},"r":1,"bm":0,"nm":"Fill 1","mn":"ADBE Vector Graphic - Fill","hd":false},{"ty":"tr","p":{"a":0,"k":[51.495,40.408],"ix":2},"a":{"a":0,"k":[0,0],"ix":1},"s":{"a":0,"k":[100,100],"ix":3},"r":{"a":0,"k":0,"ix":6},"o":{"a":0,"k":100,"ix":7},"sk":{"a":0,"k":0,"ix":4},"sa":{"a":0,"k":0,"ix":5},"nm":"Transform"}],"nm":"Group 3","np":6,"cix":2,"bm":0,"ix":3,"mn":"ADBE Vector Group","hd":false},{"ty":"gr","it":[{"ind":0,"ty":"sh","ix":1,"ks":{"a":0,"k":{"i":[[0.13,0.145],[-18.335,8.589],[-1.781,20.873],[-0.253,-2.746],[28.836,-2.655],[7.088,2.607],[0,0],[0,0]],"o":[[16.436,9.149],[20.334,-9.525],[0.651,2.593],[2.655,28.836],[-8.021,0.739],[0,0],[0,0],[-0.132,-0.143]],"v":[[-44.838,11.776],[10.373,13.74],[45.04,-36.036],[46.406,-28.023],[-0.999,28.997],[-23.871,26.016],[-46.63,36.036],[-44.452,12.214]],"c":true},"ix":2},"nm":"Path 1","mn":"ADBE Vector Shape - Group","hd":false},{"ty":"fl","c":{"a":0,"k":[0.086274509804,0.01568627451,0.305882352941,1],"ix":4},"o":{"a":0,"k":100,"ix":5},"r":1,"bm":0,"nm":"Fill 1","mn":"ADBE Vector Graphic - Fill","hd":false},{"ty":"tr","p":{"a":0,"k":[62.825,81.488],"ix":2},"a":{"a":0,"k":[0,0],"ix":1},"s":{"a":0,"k":[100,100],"ix":3},"r":{"a":0,"k":0,"ix":6},"o":{"a":0,"k":100,"ix":7},"sk":{"a":0,"k":0,"ix":4},"sa":{"a":0,"k":0,"ix":5},"nm":"Transform"}],"nm":"Group 4","np":4,"cix":2,"bm":0,"ix":4,"mn":"ADBE Vector Group","hd":false},{"ty":"gr","it":[{"ind":0,"ty":"sh","ix":1,"ks":{"a":0,"k":{"i":[[26.887,-2.284],[0.118,-0.011],[8.407,-10.112],[-1.204,-13.094],[-7.337,-7.991],[0.082,-0.9],[0,0],[0,0],[-0.78,-0.286],[-7.337,0.688],[2.487,27.031]],"o":[[-0.116,0.01],[-13.093,1.206],[-8.406,10.111],[0.995,10.816],[0.612,0.666],[0,0],[0,0],[0.761,-0.335],[6.892,2.534],[27.03,-2.489],[-2.478,-26.912]],"v":[[-4.888,-51.296],[-5.239,-51.264],[-38.58,-33.715],[-49.746,2.27],[-37.009,31.017],[-36.178,33.477],[-37.86,51.882],[-20.081,44.053],[-17.682,43.978],[3.789,46.777],[48.296,-6.759]],"c":true},"ix":2},"nm":"Path 1","mn":"ADBE Vector Shape - Group","hd":false},{"ind":1,"ty":"sh","ix":2,"ks":{"a":0,"k":{"i":[[0.347,-0.029],[0.631,0.454],[-0.103,1.13],[0,0],[1.081,11.746],[-9.501,11.429],[-14.8,1.363],[-0.13,0.011],[-2.8,-30.42],[30.55,-2.813],[7.419,2.536],[0,0]],"o":[[-0.751,0.064],[-0.921,-0.663],[0,0],[-7.72,-8.845],[-1.363,-14.799],[9.501,-11.428],[0.13,-0.012],[30.392,-2.582],[2.813,30.551],[-7.851,0.697],[0,0],[-0.328,0.145]],"v":[[-41.277,60.202],[-43.421,59.611],[-44.742,56.717],[-42.69,34.283],[-56.13,2.858],[-43.51,-37.814],[-5.826,-57.65],[-5.43,-57.684],[54.68,-7.345],[4.376,53.161],[-18.66,50.434],[-40.256,59.942]],"c":true},"ix":2},"nm":"Path 2","mn":"ADBE Vector Shape - Group","hd":false},{"ty":"mm","mm":1,"nm":"Merge Paths 1","mn":"ADBE Vector Filter - Merge","hd":false},{"ty":"fl","c":{"a":0,"k":[0,0.01568627451,0.415686304429,1],"ix":4},"o":{"a":0,"k":100,"ix":5},"r":1,"bm":0,"nm":"Fill 1","mn":"ADBE Vector Graphic - Fill","hd":false},{"ty":"tr","p":{"a":0,"k":[57.743,60.516],"ix":2},"a":{"a":0,"k":[0,0],"ix":1},"s":{"a":0,"k":[100,100],"ix":3},"r":{"a":0,"k":0,"ix":6},"o":{"a":0,"k":100,"ix":7},"sk":{"a":0,"k":0,"ix":4},"sa":{"a":0,"k":0,"ix":5},"nm":"Transform"}],"nm":"Group 5","np":6,"cix":2,"bm":0,"ix":5,"mn":"ADBE Vector Group","hd":false},{"ty":"gr","it":[{"ind":0,"ty":"sh","ix":1,"ks":{"a":0,"k":{"i":[[23.026,-14.215],[-11.422,-23.862],[0.993,1.608],[-24.641,15.212],[-15.212,-24.641],[-0.803,-1.675]],"o":[[-23.018,14.21],[-1.132,-1.462],[-15.212,-24.641],[24.641,-15.212],[0.997,1.616],[-16.21,-20.92]],"v":[[-19.076,-24.906],[-38.852,42.292],[-42.05,37.695],[-24.978,-34.466],[47.183,-17.394],[49.876,-12.454]],"c":true},"ix":2},"nm":"Path 1","mn":"ADBE Vector Shape - Group","hd":false},{"ty":"fl","c":{"a":0,"k":[1,1,1,1],"ix":4},"o":{"a":0,"k":100,"ix":5},"r":1,"bm":0,"nm":"Fill 1","mn":"ADBE Vector Graphic - Fill","hd":false},{"ty":"tr","p":{"a":0,"k":[53.208,47.351],"ix":2},"a":{"a":0,"k":[0,0],"ix":1},"s":{"a":0,"k":[100,100],"ix":3},"r":{"a":0,"k":0,"ix":6},"o":{"a":0,"k":100,"ix":7},"sk":{"a":0,"k":0,"ix":4},"sa":{"a":0,"k":0,"ix":5},"nm":"Transform"}],"nm":"Group 6","np":4,"cix":2,"bm":0,"ix":6,"mn":"ADBE Vector Group","hd":false},{"ty":"gr","it":[{"ind":0,"ty":"sh","ix":1,"ks":{"a":0,"k":{"i":[[0,0],[1.094,11.88],[-28.836,2.655],[-2.655,-28.836],[28.836,-2.655],[7.088,2.607],[0,0]],"o":[[-7.491,-8.159],[-2.655,-28.837],[28.837,-2.655],[2.655,28.837],[-8.021,0.739],[0,0],[0,0]],"v":[[-38.645,33.237],[-52.213,2.616],[-4.808,-54.405],[52.213,-7],[4.808,50.021],[-18.064,47.039],[-40.823,57.06]],"c":true},"ix":2},"nm":"Path 1","mn":"ADBE Vector Shape - Group","hd":false},{"ty":"fl","c":{"a":0,"k":[0.156862745098,0.866666726505,0.458823559331,1],"ix":4},"o":{"a":0,"k":100,"ix":5},"r":1,"bm":0,"nm":"Fill 1","mn":"ADBE Vector Graphic - Fill","hd":false},{"ty":"tr","p":{"a":0,"k":[57.018,60.465],"ix":2},"a":{"a":0,"k":[0,0],"ix":1},"s":{"a":0,"k":[100,100],"ix":3},"r":{"a":0,"k":0,"ix":6},"o":{"a":0,"k":100,"ix":7},"sk":{"a":0,"k":0,"ix":4},"sa":{"a":0,"k":0,"ix":5},"nm":"Transform"}],"nm":"Group 7","np":4,"cix":2,"bm":0,"ix":7,"mn":"ADBE Vector Group","hd":false}],"ip":11,"op":120,"st":12,"bm":0},{"ddd":0,"ind":6,"ty":4,"nm":"icon BG","sr":1,"ks":{"o":{"a":0,"k":100,"ix":11},"r":{"a":1,"k":[{"i":{"x":[0.33],"y":[1]},"o":{"x":[0.67],"y":[0]},"t":25,"s":[0]},{"t":99,"s":[20]}],"ix":10},"p":{"a":0,"k":[506.735,499.809,0],"ix":2},"a":{"a":0,"k":[382.167,369.871,0],"ix":1},"s":{"a":1,"k":[{"i":{"x":[0.17,0.17,0.17],"y":[1,1,1]},"o":{"x":[0.83,0.83,0.83],"y":[0,0,0]},"t":16,"s":[34,34,100]},{"i":{"x":[0.833,0.833,0.833],"y":[1,1,1]},"o":{"x":[0.83,0.83,0.83],"y":[0,0,0]},"t":46,"s":[100,100,100]},{"t":99,"s":[108,108,100]}],"ix":6}},"ao":0,"shapes":[{"ty":"gr","it":[{"ind":0,"ty":"sh","ix":1,"ks":{"a":0,"k":{"i":[[0.432,0],[0.503,1.004],[-1.417,0.71],[0,0],[-0.712,-1.418],[1.417,-0.709],[0,0]],"o":[[-1.051,0],[-0.709,-1.416],[0,0],[1.413,-0.707],[0.709,1.416],[0,0],[-0.412,0.206]],"v":[[-14.105,10.135],[-16.672,8.55],[-15.391,4.7],[12.823,-9.428],[16.672,-8.147],[15.391,-4.298],[-12.823,9.831]],"c":true},"ix":2},"nm":"Path 1","mn":"ADBE Vector Shape - Group","hd":false},{"ty":"fl","c":{"a":0,"k":[0.949019667682,0.152941176471,0.380392186782,1],"ix":4},"o":{"a":0,"k":100,"ix":5},"r":1,"bm":0,"nm":"Fill 1","mn":"ADBE Vector Graphic - Fill","hd":false},{"ty":"tr","p":{"a":0,"k":[147.701,671.576],"ix":2},"a":{"a":0,"k":[0,0],"ix":1},"s":{"a":0,"k":[100,100],"ix":3},"r":{"a":0,"k":0,"ix":6},"o":{"a":0,"k":100,"ix":7},"sk":{"a":0,"k":0,"ix":4},"sa":{"a":0,"k":0,"ix":5},"nm":"Transform"}],"nm":"Group 1","np":4,"cix":2,"bm":0,"ix":1,"mn":"ADBE Vector Group","hd":false},{"ty":"gr","it":[{"ind":0,"ty":"sh","ix":1,"ks":{"a":0,"k":{"i":[[0.432,0],[0.503,1.004],[0,0],[-1.417,0.71],[-0.712,-1.418],[0,0],[1.417,-0.71]],"o":[[-1.051,0],[0,0],[-0.709,-1.416],[1.414,-0.706],[0,0],[0.709,1.416],[-0.412,0.206]],"v":[[7.066,17.177],[4.5,15.592],[-9.63,-12.622],[-8.349,-16.472],[-4.499,-15.191],[9.629,13.023],[8.349,16.873]],"c":true},"ix":2},"nm":"Path 1","mn":"ADBE Vector Shape - Group","hd":false},{"ty":"fl","c":{"a":0,"k":[0.949019667682,0.152941176471,0.380392186782,1],"ix":4},"o":{"a":0,"k":100,"ix":5},"r":1,"bm":0,"nm":"Fill 1","mn":"ADBE Vector Graphic - Fill","hd":false},{"ty":"tr","p":{"a":0,"k":[147.701,671.577],"ix":2},"a":{"a":0,"k":[0,0],"ix":1},"s":{"a":0,"k":[100,100],"ix":3},"r":{"a":0,"k":0,"ix":6},"o":{"a":0,"k":100,"ix":7},"sk":{"a":0,"k":0,"ix":4},"sa":{"a":0,"k":0,"ix":5},"nm":"Transform"}],"nm":"Group 2","np":4,"cix":2,"bm":0,"ix":2,"mn":"ADBE Vector Group","hd":false},{"ty":"gr","it":[{"ind":0,"ty":"sh","ix":1,"ks":{"a":0,"k":{"i":[[1.456,1.186],[0.02,0.016],[0,0],[-1.239,1.456],[-1.477,-1.24],[0,0],[1.239,-1.457]],"o":[[-0.02,-0.016],[0,0],[-1.455,-1.239],[1.237,-1.455],[0,0],[1.455,1.239],[-1.222,1.436]],"v":[[12.315,15.028],[12.256,14.98],[-16.745,-9.701],[-17.137,-14.58],[-12.257,-14.973],[16.745,9.707],[17.137,14.588]],"c":true},"ix":2},"nm":"Path 1","mn":"ADBE Vector Shape - Group","hd":false},{"ty":"fl","c":{"a":0,"k":[1,0.835294177485,0.133333333333,1],"ix":4},"o":{"a":0,"k":100,"ix":5},"r":1,"bm":0,"nm":"Fill 1","mn":"ADBE Vector Graphic - Fill","hd":false},{"ty":"tr","p":{"a":0,"k":[24.806,273.57],"ix":2},"a":{"a":0,"k":[0,0],"ix":1},"s":{"a":0,"k":[100,100],"ix":3},"r":{"a":0,"k":0,"ix":6},"o":{"a":0,"k":100,"ix":7},"sk":{"a":0,"k":0,"ix":4},"sa":{"a":0,"k":0,"ix":5},"nm":"Transform"}],"nm":"Group 3","np":4,"cix":2,"bm":0,"ix":3,"mn":"ADBE Vector Group","hd":false},{"ty":"gr","it":[{"ind":0,"ty":"sh","ix":1,"ks":{"a":0,"k":{"i":[[1.456,1.186],[0.02,0.016],[-1.239,1.456],[0,0],[-1.49,-1.232],[1.239,-1.456],[0,0]],"o":[[-0.02,-0.016],[-1.455,-1.239],[0,0],[1.238,-1.456],[1.456,1.239],[0,0],[-1.222,1.436]],"v":[[-14.525,17.184],[-14.585,17.136],[-14.977,12.256],[9.704,-16.746],[14.583,-17.138],[14.977,-12.258],[-9.703,16.744]],"c":true},"ix":2},"nm":"Path 1","mn":"ADBE Vector Shape - Group","hd":false},{"ty":"fl","c":{"a":0,"k":[1,0.835294177485,0.133333333333,1],"ix":4},"o":{"a":0,"k":100,"ix":5},"r":1,"bm":0,"nm":"Fill 1","mn":"ADBE Vector Graphic - Fill","hd":false},{"ty":"tr","p":{"a":0,"k":[24.805,273.574],"ix":2},"a":{"a":0,"k":[0,0],"ix":1},"s":{"a":0,"k":[100,100],"ix":3},"r":{"a":0,"k":0,"ix":6},"o":{"a":0,"k":100,"ix":7},"sk":{"a":0,"k":0,"ix":4},"sa":{"a":0,"k":0,"ix":5},"nm":"Transform"}],"nm":"Group 4","np":4,"cix":2,"bm":0,"ix":4,"mn":"ADBE Vector Group","hd":false},{"ty":"gr","it":[{"ind":0,"ty":"sh","ix":1,"ks":{"a":0,"k":{"i":[[0.59,1.452],[0.007,0.02],[0,0],[-1.492,0.569],[-0.528,-1.472],[0,0],[1.493,-0.569]],"o":[[-0.008,-0.02],[0,0],[-0.57,-1.492],[1.494,-0.57],[0,0],[0.569,1.492],[-1.473,0.562]],"v":[[2.99,15.957],[2.967,15.897],[-8.371,-13.828],[-6.7,-17.561],[-2.966,-15.889],[8.372,13.837],[6.7,17.569]],"c":true},"ix":2},"nm":"Path 1","mn":"ADBE Vector Shape - Group","hd":false},{"ty":"fl","c":{"a":0,"k":[1,0.835294177485,0.133333333333,1],"ix":4},"o":{"a":0,"k":100,"ix":5},"r":1,"bm":0,"nm":"Fill 1","mn":"ADBE Vector Graphic - Fill","hd":false},{"ty":"tr","p":{"a":0,"k":[583.975,18.382],"ix":2},"a":{"a":0,"k":[0,0],"ix":1},"s":{"a":0,"k":[100,100],"ix":3},"r":{"a":0,"k":0,"ix":6},"o":{"a":0,"k":100,"ix":7},"sk":{"a":0,"k":0,"ix":4},"sa":{"a":0,"k":0,"ix":5},"nm":"Transform"}],"nm":"Group 5","np":4,"cix":2,"bm":0,"ix":5,"mn":"ADBE Vector Group","hd":false},{"ty":"gr","it":[{"ind":0,"ty":"sh","ix":1,"ks":{"a":0,"k":{"i":[[0.59,1.452],[0.007,0.02],[-1.492,0.57],[0,0],[-0.536,-1.511],[1.492,-0.569],[0,0]],"o":[[-0.008,-0.02],[-0.569,-1.493],[0,0],[1.493,-0.57],[0.569,1.492],[0,0],[-1.473,0.562]],"v":[[-17.543,6.763],[-17.566,6.703],[-15.895,2.969],[13.833,-8.367],[17.566,-6.694],[15.895,-2.961],[-13.833,8.375]],"c":true},"ix":2},"nm":"Path 1","mn":"ADBE Vector Shape - Group","hd":false},{"ty":"fl","c":{"a":0,"k":[1,0.835294177485,0.133333333333,1],"ix":4},"o":{"a":0,"k":100,"ix":5},"r":1,"bm":0,"nm":"Fill 1","mn":"ADBE Vector Graphic - Fill","hd":false},{"ty":"tr","p":{"a":0,"k":[583.976,18.381],"ix":2},"a":{"a":0,"k":[0,0],"ix":1},"s":{"a":0,"k":[100,100],"ix":3},"r":{"a":0,"k":0,"ix":6},"o":{"a":0,"k":100,"ix":7},"sk":{"a":0,"k":0,"ix":4},"sa":{"a":0,"k":0,"ix":5},"nm":"Transform"}],"nm":"Group 6","np":4,"cix":2,"bm":0,"ix":6,"mn":"ADBE Vector Group","hd":false},{"ty":"gr","it":[{"ind":0,"ty":"sh","ix":1,"ks":{"a":0,"k":{"i":[[4.842,0],[0,-4.842],[-4.842,0],[0,4.842]],"o":[[-4.842,0],[0,4.842],[4.842,0],[0,-4.842]],"v":[[0.001,-8.78],[-8.78,0],[0.001,8.78],[8.781,0]],"c":true},"ix":2},"nm":"Path 1","mn":"ADBE Vector Shape - Group","hd":false},{"ind":1,"ty":"sh","ix":2,"ks":{"a":0,"k":{"i":[[8.264,0],[0,8.264],[-8.264,0],[0,-8.264]],"o":[[-8.264,0],[0,-8.264],[8.264,0],[0,8.264]],"v":[[0.001,14.987],[-14.987,0],[0.001,-14.987],[14.988,0]],"c":true},"ix":2},"nm":"Path 2","mn":"ADBE Vector Shape - Group","hd":false},{"ty":"mm","mm":1,"nm":"Merge Paths 1","mn":"ADBE Vector Filter - Merge","hd":false},{"ty":"fl","c":{"a":0,"k":[0.141176470588,0.654901960784,1,1],"ix":4},"o":{"a":0,"k":100,"ix":5},"r":1,"bm":0,"nm":"Fill 1","mn":"ADBE Vector Graphic - Fill","hd":false},{"ty":"tr","p":{"a":0,"k":[323.61,724.505],"ix":2},"a":{"a":0,"k":[0,0],"ix":1},"s":{"a":0,"k":[100,100],"ix":3},"r":{"a":0,"k":0,"ix":6},"o":{"a":0,"k":100,"ix":7},"sk":{"a":0,"k":0,"ix":4},"sa":{"a":0,"k":0,"ix":5},"nm":"Transform"}],"nm":"Group 7","np":6,"cix":2,"bm":0,"ix":7,"mn":"ADBE Vector Group","hd":false},{"ty":"gr","it":[{"ind":0,"ty":"sh","ix":1,"ks":{"a":0,"k":{"i":[[3.862,3.146],[3.146,-3.862],[-3.862,-3.147],[-3.146,3.862]],"o":[[-3.862,-3.146],[-3.147,3.862],[3.862,3.146],[3.146,-3.862]],"v":[[5.706,-7.003],[-7.003,-5.706],[-5.705,7.004],[7.004,5.706]],"c":true},"ix":2},"nm":"Path 1","mn":"ADBE Vector Shape - Group","hd":false},{"ind":1,"ty":"sh","ix":2,"ks":{"a":0,"k":{"i":[[6.592,5.37],[-5.37,6.592],[-6.592,-5.371],[5.37,-6.591]],"o":[[-6.591,-5.37],[5.371,-6.592],[6.592,5.37],[-5.37,6.592]],"v":[[-9.739,11.955],[-11.955,-9.739],[9.74,-11.954],[11.955,9.739]],"c":true},"ix":2},"nm":"Path 2","mn":"ADBE Vector Shape - Group","hd":false},{"ty":"mm","mm":1,"nm":"Merge Paths 1","mn":"ADBE Vector Filter - Merge","hd":false},{"ty":"fl","c":{"a":0,"k":[0.141176470588,0.654901960784,1,1],"ix":4},"o":{"a":0,"k":100,"ix":5},"r":1,"bm":0,"nm":"Fill 1","mn":"ADBE Vector Graphic - Fill","hd":false},{"ty":"tr","p":{"a":0,"k":[206.232,18.806],"ix":2},"a":{"a":0,"k":[0,0],"ix":1},"s":{"a":0,"k":[100,100],"ix":3},"r":{"a":0,"k":0,"ix":6},"o":{"a":0,"k":100,"ix":7},"sk":{"a":0,"k":0,"ix":4},"sa":{"a":0,"k":0,"ix":5},"nm":"Transform"}],"nm":"Group 8","np":6,"cix":2,"bm":0,"ix":8,"mn":"ADBE Vector Group","hd":false},{"ty":"gr","it":[{"ind":0,"ty":"sh","ix":1,"ks":{"a":0,"k":{"i":[[1.895,4.664],[4.664,-1.895],[-1.895,-4.664],[-4.665,1.895]],"o":[[-1.895,-4.664],[-4.665,1.895],[1.894,4.665],[4.664,-1.894]],"v":[[8.46,-3.436],[-3.436,-8.46],[-8.459,3.436],[3.437,8.46]],"c":true},"ix":2},"nm":"Path 1","mn":"ADBE Vector Shape - Group","hd":false},{"ind":1,"ty":"sh","ix":2,"ks":{"a":0,"k":{"i":[[3.235,7.963],[-7.962,3.234],[-3.234,-7.963],[7.963,-3.235]],"o":[[-3.234,-7.962],[7.963,-3.234],[3.234,7.962],[-7.962,3.234]],"v":[[-14.44,5.865],[-5.865,-14.439],[14.44,-5.865],[5.865,14.44]],"c":true},"ix":2},"nm":"Path 2","mn":"ADBE Vector Shape - Group","hd":false},{"ty":"mm","mm":1,"nm":"Merge Paths 1","mn":"ADBE Vector Filter - Merge","hd":false},{"ty":"fl","c":{"a":0,"k":[0.141176470588,0.654901960784,1,1],"ix":4},"o":{"a":0,"k":100,"ix":5},"r":1,"bm":0,"nm":"Fill 1","mn":"ADBE Vector Graphic - Fill","hd":false},{"ty":"tr","p":{"a":0,"k":[696.471,615.235],"ix":2},"a":{"a":0,"k":[0,0],"ix":1},"s":{"a":0,"k":[100,100],"ix":3},"r":{"a":0,"k":0,"ix":6},"o":{"a":0,"k":100,"ix":7},"sk":{"a":0,"k":0,"ix":4},"sa":{"a":0,"k":0,"ix":5},"nm":"Transform"}],"nm":"Group 9","np":6,"cix":2,"bm":0,"ix":9,"mn":"ADBE Vector Group","hd":false},{"ty":"gr","it":[{"ind":0,"ty":"sh","ix":1,"ks":{"a":0,"k":{"i":[[5.161,0],[0,-5.162],[-5.161,0],[0,5.161]],"o":[[-5.161,0],[0,5.161],[5.161,0],[0,-5.162]],"v":[[0.001,-9.36],[-9.361,0],[0.001,9.36],[9.361,0]],"c":true},"ix":2},"nm":"Path 1","mn":"ADBE Vector Shape - Group","hd":false},{"ind":1,"ty":"sh","ix":2,"ks":{"a":0,"k":{"i":[[8.81,0],[0,8.81],[-8.81,0],[0,-8.81]],"o":[[-8.81,0],[0,-8.81],[8.81,0],[0,8.81]],"v":[[0,15.977],[-15.978,0],[0,-15.977],[15.978,0]],"c":true},"ix":2},"nm":"Path 2","mn":"ADBE Vector Shape - Group","hd":false},{"ty":"mm","mm":1,"nm":"Merge Paths 1","mn":"ADBE Vector Filter - Merge","hd":false},{"ty":"fl","c":{"a":0,"k":[0.949019667682,0.152941176471,0.380392186782,1],"ix":4},"o":{"a":0,"k":100,"ix":5},"r":1,"bm":0,"nm":"Fill 1","mn":"ADBE Vector Graphic - Fill","hd":false},{"ty":"tr","p":{"a":0,"k":[85.314,599.487],"ix":2},"a":{"a":0,"k":[0,0],"ix":1},"s":{"a":0,"k":[100,100],"ix":3},"r":{"a":0,"k":0,"ix":6},"o":{"a":0,"k":100,"ix":7},"sk":{"a":0,"k":0,"ix":4},"sa":{"a":0,"k":0,"ix":5},"nm":"Transform"}],"nm":"Group 10","np":6,"cix":2,"bm":0,"ix":10,"mn":"ADBE Vector Group","hd":false},{"ty":"gr","it":[{"ind":0,"ty":"sh","ix":1,"ks":{"a":0,"k":{"i":[[3.68,2.998],[2.998,-3.68],[-3.68,-2.998],[-2.998,3.68]],"o":[[-3.68,-2.998],[-2.998,3.68],[3.68,2.998],[2.998,-3.68]],"v":[[5.436,-6.674],[-6.674,-5.438],[-5.438,6.674],[6.673,5.436]],"c":true},"ix":2},"nm":"Path 1","mn":"ADBE Vector Shape - Group","hd":false},{"ind":1,"ty":"sh","ix":2,"ks":{"a":0,"k":{"i":[[6.282,5.118],[-5.117,6.281],[-6.282,-5.117],[5.117,-6.281]],"o":[[-6.281,-5.117],[5.117,-6.281],[6.281,5.118],[-5.118,6.282]],"v":[[-9.281,11.39],[-11.392,-9.281],[9.279,-11.391],[11.391,9.279]],"c":true},"ix":2},"nm":"Path 2","mn":"ADBE Vector Shape - Group","hd":false},{"ty":"mm","mm":1,"nm":"Merge Paths 1","mn":"ADBE Vector Filter - Merge","hd":false},{"ty":"fl","c":{"a":0,"k":[0.949019667682,0.152941176471,0.380392186782,1],"ix":4},"o":{"a":0,"k":100,"ix":5},"r":1,"bm":0,"nm":"Fill 1","mn":"ADBE Vector Graphic - Fill","hd":false},{"ty":"tr","p":{"a":0,"k":[16.759,186.866],"ix":2},"a":{"a":0,"k":[0,0],"ix":1},"s":{"a":0,"k":[100,100],"ix":3},"r":{"a":0,"k":0,"ix":6},"o":{"a":0,"k":100,"ix":7},"sk":{"a":0,"k":0,"ix":4},"sa":{"a":0,"k":0,"ix":5},"nm":"Transform"}],"nm":"Group 11","np":6,"cix":2,"bm":0,"ix":11,"mn":"ADBE Vector Group","hd":false},{"ty":"gr","it":[{"ind":0,"ty":"sh","ix":1,"ks":{"a":0,"k":{"i":[[1.896,4.668],[4.668,-1.897],[-1.896,-4.668],[-4.668,1.897]],"o":[[-1.896,-4.668],[-4.669,1.896],[1.896,4.669],[4.669,-1.896]],"v":[[8.467,-3.439],[-3.439,-8.467],[-8.467,3.439],[3.439,8.467]],"c":true},"ix":2},"nm":"Path 1","mn":"ADBE Vector Shape - Group","hd":false},{"ind":1,"ty":"sh","ix":2,"ks":{"a":0,"k":{"i":[[3.237,7.97],[-7.969,3.237],[-3.237,-7.969],[7.969,-3.237]],"o":[[-3.237,-7.969],[7.969,-3.237],[3.237,7.969],[-7.969,3.237]],"v":[[-14.452,5.87],[-5.87,-14.452],[14.452,-5.87],[5.87,14.452]],"c":true},"ix":2},"nm":"Path 2","mn":"ADBE Vector Shape - Group","hd":false},{"ty":"mm","mm":1,"nm":"Merge Paths 1","mn":"ADBE Vector Filter - Merge","hd":false},{"ty":"fl","c":{"a":0,"k":[0.949019667682,0.152941176471,0.380392186782,1],"ix":4},"o":{"a":0,"k":100,"ix":5},"r":1,"bm":0,"nm":"Fill 1","mn":"ADBE Vector Graphic - Fill","hd":false},{"ty":"tr","p":{"a":0,"k":[746.396,167.259],"ix":2},"a":{"a":0,"k":[0,0],"ix":1},"s":{"a":0,"k":[100,100],"ix":3},"r":{"a":0,"k":0,"ix":6},"o":{"a":0,"k":100,"ix":7},"sk":{"a":0,"k":0,"ix":4},"sa":{"a":0,"k":0,"ix":5},"nm":"Transform"}],"nm":"Group 12","np":6,"cix":2,"bm":0,"ix":12,"mn":"ADBE Vector Group","hd":false}],"ip":15,"op":120,"st":16,"bm":0},{"ddd":0,"ind":7,"ty":4,"nm":"round","sr":1,"ks":{"o":{"a":0,"k":100,"ix":11},"r":{"a":0,"k":0,"ix":10},"p":{"a":0,"k":[513.735,483.704,0],"ix":2},"a":{"a":0,"k":[331.404,331.404,0],"ix":1},"s":{"a":0,"k":[100,100,100],"ix":6}},"ao":0,"shapes":[{"ty":"gr","it":[{"ind":0,"ty":"sh","ix":1,"ks":{"a":0,"k":{"i":[[0,-182.891],[182.891,0],[0,182.891],[-182.891,0]],"o":[[0,182.891],[-182.891,0],[0,-182.891],[182.891,0]],"v":[[331.154,0],[0,331.154],[-331.154,0],[0,-331.154]],"c":true},"ix":2},"nm":"Path 1","mn":"ADBE Vector Shape - Group","hd":false},{"ty":"fl","c":{"a":0,"k":[0.800000059838,0.933333393172,1,1],"ix":4},"o":{"a":0,"k":100,"ix":5},"r":1,"bm":0,"nm":"Fill 1","mn":"ADBE Vector Graphic - Fill","hd":false},{"ty":"tr","p":{"a":0,"k":[331.404,331.404],"ix":2},"a":{"a":0,"k":[0,0],"ix":1},"s":{"a":0,"k":[100,100],"ix":3},"r":{"a":0,"k":0,"ix":6},"o":{"a":0,"k":100,"ix":7},"sk":{"a":0,"k":0,"ix":4},"sa":{"a":0,"k":0,"ix":5},"nm":"Transform"}],"nm":"Group 1","np":4,"cix":2,"bm":0,"ix":1,"mn":"ADBE Vector Group","hd":false}],"ip":0,"op":120,"st":0,"bm":0}],"markers":[]}